transaction_id,date,customer_email,store_location,purchase_total,feedback_text,sentiment_label,sentiment_score
T00001,2025-10-29,jonathan42@hotmail.com,Miami,394.26,"Delivery was standard, no problems.",neutral,0.46
T00002,2025-10-23,kristengarner@cohen.org,Boston,421.47,Staff was polite but prices were higher than expected.,neutral,0.54
T00003,2025-10-23,lunadavid@lawrence-yates.com,Atlanta,13.12,Smooth online purchase and delivery on time.,positive,0.75
T00004,2025-11-08,dana15@shelton.org,San Francisco,52.18,Excellent experience overall — will definitely come back!,positive,0.93
T00005,2025-11-08,gonzalezryan@yahoo.com,Miami,18.86,Amazing service and super helpful employees!,positive,0.97
T00006,2025-10-23,walkerdonald@watkins-hester.biz,Chicago,319.26,"Very satisfied with the loyalty program, thank you!",positive,0.78
T00007,2025-10-20,millersherri@oconnor.net,Boston,120.0,The cashier was polite and efficient.,positive,0.97
T00008,2025-11-11,matthew20@david-black.com,Dallas,410.89,Amazing service and super helpful employees!,positive,0.93
T00009,2025-11-10,qmartin@hotmail.com,Seattle,300.31,"Very satisfied with the loyalty program, thank you!",positive,0.97
T00010,2025-10-15,jacqueline60@pineda-gates.info,Chicago,402.31,Staff was polite but prices were higher than expected.,neutral,0.58
T00011,2025-10-15,qstewart@diaz-smith.net,San Francisco,172.35,"Everything went perfectly, thanks!",positive,0.87
T00012,2025-10-23,bsmith@gmail.com,Boston,483.81,"Very satisfied with the loyalty program, thank you!",positive,0.95
T00013,2025-10-14,robert09@davidson.com,Seattle,386.69,Got my items as expected.,neutral,0.46
T00014,2025-10-28,victoria28@yahoo.com,Chicago,246.99,"Product arrived on time, but packaging could be better.",neutral,0.64
T00015,2025-10-16,hcampbell@strickland-webb.info,Dallas,328.2,"Everything went perfectly, thanks!",positive,0.99
T00016,2025-10-15,robertgomez@ortiz.com,Los Angeles,496.74,"It was okay, not great but not terrible.",neutral,0.55
T00017,2025-10-31,watsonjoshua@hotmail.com,New York,461.31,"Delivery was standard, no problems.",neutral,0.54
T00018,2025-11-02,aguilarkevin@hotmail.com,Atlanta,287.45,Customer service was outstanding!,positive,0.79
T00019,2025-10-13,elainegonzalez@yahoo.com,Los Angeles,228.29,Fast delivery and great packaging.,positive,0.83
T00020,2025-11-03,dakotarice@moore.info,Dallas,308.31,The cashier was polite and efficient.,positive,0.98
T00021,2025-11-01,quinnkimberly@hotmail.com,Miami,163.7,The app kept crashing during checkout.,negative,0.33
T00022,2025-10-27,zpineda@gmail.com,Atlanta,105.26,"Experience was fair, store was clean.",neutral,0.54
T00023,2025-11-10,bakerheather@hotmail.com,San Francisco,298.9,"It was okay, not great but not terrible.",neutral,0.61
T00024,2025-10-13,sandersashley@bush-bowman.com,Online,198.5,"Loved how friendly the staff was, checkout was quick and easy!",positive,0.76
T00025,2025-10-27,sarah13@blair-taylor.com,Seattle,457.06,"Product arrived on time, but packaging could be better.",neutral,0.52
T00026,2025-10-22,dclements@hotmail.com,Seattle,355.8,"Everything went perfectly, thanks!",positive,0.75
T00027,2025-10-24,codybeasley@johnson.com,Seattle,232.9,The app kept crashing during checkout.,negative,0.19
T00028,2025-11-09,fletcheramanda@yahoo.com,Atlanta,497.39,The cashier was polite and efficient.,positive,0.75
T00029,2025-10-26,vmoore@rowe-gallegos.org,San Francisco,195.83,Item arrived damaged and I couldn’t get a refund easily.,negative,0.22
T00030,2025-10-29,jevans@hotmail.com,Seattle,407.55,"I got exactly what I wanted, no issues at all.",positive,0.85
T00031,2025-11-06,knapprobert@johnson.com,Seattle,167.86,"Experience was fair, store was clean.",neutral,0.48
T00032,2025-11-12,kmunoz@pitts-smith.com,Dallas,328.11,I was charged incorrectly and had to call support.,negative,0.24
T00033,2025-11-11,brookeadams@dennis.com,Atlanta,237.68,Product didn’t match the description online.,negative,0.19
T00034,2025-10-30,zthomas@yahoo.com,Miami,328.72,Terrible experience — won’t shop here again.,negative,0.24
T00035,2025-10-15,barrfrederick@yahoo.com,Miami,461.9,I was charged incorrectly and had to call support.,negative,0.03
T00036,2025-10-29,patriciawaller@herrera.net,Online,70.38,Excellent experience overall — will definitely come back!,positive,0.92
T00037,2025-10-20,gerald22@yahoo.com,Miami,130.43,"I got exactly what I wanted, no issues at all.",positive,0.79
T00038,2025-11-03,aliciahiggins@crawford.com,Los Angeles,457.5,Customer service was outstanding!,positive,0.79
T00039,2025-11-07,qwong@gmail.com,Los Angeles,437.57,"Average experience, nothing special.",neutral,0.58
T00040,2025-11-02,mark26@cunningham.com,Chicago,65.78,I was charged incorrectly and had to call support.,negative,0.16
T00041,2025-10-28,prestontyler@yahoo.com,Atlanta,247.43,Product didn’t match the description online.,negative,0.17
T00042,2025-10-30,fisherrobin@gmail.com,Chicago,220.03,Fast delivery and great packaging.,positive,0.79
T00043,2025-11-02,yjohnson@jacobs.com,Miami,202.57,Fast delivery and great packaging.,positive,0.91
T00044,2025-11-01,sandovallindsay@yahoo.com,Dallas,309.15,Excellent experience overall — will definitely come back!,positive,0.94
T00045,2025-11-08,johnsoncraig@moore.net,Dallas,451.49,Product didn’t match the description online.,negative,0.26
T00046,2025-11-09,gary82@heath.com,Boston,402.56,Amazing service and super helpful employees!,positive,0.82
T00047,2025-10-15,christopher20@ford-gibson.com,New York,229.53,Delivery was delayed by several days.,negative,0.26
T00048,2025-11-03,alisondavis@gmail.com,Los Angeles,420.73,Excellent experience overall — will definitely come back!,positive,0.87
T00049,2025-10-20,brianna66@brown.com,San Francisco,347.98,Fast delivery and great packaging.,positive,0.81
T00050,2025-10-29,leephilip@edwards.com,Chicago,32.09,It worked out fine overall.,neutral,0.63
T00051,2025-10-17,paulward@reynolds.com,Miami,420.96,Checkout system crashed and I had to wait 10 minutes.,negative,0.24
T00052,2025-10-19,staceyperez@gmail.com,Dallas,398.86,Delivery was delayed by several days.,negative,0.34
T00053,2025-10-31,veronicageorge@garcia.com,New York,133.55,"Not bad, but could improve the return policy.",neutral,0.57
T00054,2025-10-16,jeffrey65@yahoo.com,San Francisco,22.31,Store was crowded and it took too long to find assistance.,negative,0.12
T00055,2025-10-24,nicholsonrenee@gmail.com,New York,42.86,Amazing service and super helpful employees!,positive,0.82
T00056,2025-11-03,meghandavis@hotmail.com,San Francisco,480.58,"Checkout was fine, a bit slow.",neutral,0.61
T00057,2025-11-11,beltrancynthia@wilkins.com,Dallas,136.82,Amazing service and super helpful employees!,positive,0.99
T00058,2025-11-07,timothy62@salazar.com,Los Angeles,456.98,Got my items as expected.,neutral,0.6
T00059,2025-10-19,adamlowery@gmail.com,Online,491.02,"I got exactly what I wanted, no issues at all.",positive,0.81
T00060,2025-10-19,nbrooks@hotmail.com,Seattle,138.02,The app kept crashing during checkout.,negative,0.01
T00061,2025-10-28,xfaulkner@wyatt.com,Chicago,104.31,"Everything went perfectly, thanks!",positive,0.98
T00062,2025-11-11,bellphillip@west-andrade.biz,Atlanta,271.4,I was charged incorrectly and had to call support.,negative,0.08
T00063,2025-10-15,crystalharris@hotmail.com,Dallas,479.84,"I got exactly what I wanted, no issues at all.",positive,0.76
T00064,2025-11-09,christinemurillo@sosa.com,Chicago,407.28,"Delivery was standard, no problems.",neutral,0.56
T00065,2025-10-27,katherineortiz@may-shannon.net,Miami,62.31,Checkout system crashed and I had to wait 10 minutes.,negative,0.32
T00066,2025-10-18,wcastro@henry.com,Seattle,245.92,Fast delivery and great packaging.,positive,0.78
T00067,2025-10-14,bolson@gmail.com,New York,225.85,"Very satisfied with the loyalty program, thank you!",positive,0.96
T00068,2025-11-04,thomastorres@rodgers-mcdaniel.com,Atlanta,265.53,Checkout system crashed and I had to wait 10 minutes.,negative,0.31
T00069,2025-10-14,nicholas29@winters.org,Boston,223.91,"Very satisfied with the loyalty program, thank you!",positive,0.88
T00070,2025-11-05,betty87@medina-cochran.info,Chicago,446.99,The cashier was polite and efficient.,positive,0.91
T00071,2025-11-05,ywebb@gmail.com,Seattle,169.33,"Everything went perfectly, thanks!",positive,0.8
T00072,2025-10-17,xdavis@simmons.com,Boston,374.2,"Experience was fair, store was clean.",neutral,0.53
T00073,2025-10-25,amanda93@cook.info,Los Angeles,360.12,Customer service was rude and unhelpful.,negative,0.15
T00074,2025-11-08,xhamilton@castaneda-morris.com,Los Angeles,315.41,"Very satisfied with the loyalty program, thank you!",positive,0.98
T00075,2025-11-04,sandramclaughlin@dennis.com,Boston,245.27,"Product arrived on time, but packaging could be better.",neutral,0.54
T00076,2025-10-25,hodgesjames@hotmail.com,Atlanta,319.32,Customer service was outstanding!,positive,0.94
T00077,2025-10-28,pwilson@pearson-caldwell.net,Chicago,124.65,Staff was polite but prices were higher than expected.,neutral,0.51
T00078,2025-10-23,williambarajas@porter.net,Atlanta,306.89,Excellent experience overall — will definitely come back!,positive,0.8
T00079,2025-10-19,dwang@hotmail.com,Dallas,63.39,Smooth online purchase and delivery on time.,positive,0.96
T00080,2025-11-04,mcculloughmark@hotmail.com,Miami,156.53,Excellent experience overall — will definitely come back!,positive,0.95
T00081,2025-10-30,adamssteven@mora.info,Online,189.69,The cashier was polite and efficient.,positive,0.99
T00082,2025-11-01,donnastevens@yahoo.com,Online,215.21,It worked out fine overall.,neutral,0.47
T00083,2025-11-02,samantha31@hotmail.com,Online,182.12,Checkout system crashed and I had to wait 10 minutes.,negative,0.13
T00084,2025-10-21,umcbride@yahoo.com,Miami,220.03,Delivery was delayed by several days.,negative,0.31
T00085,2025-11-09,joseph44@hotmail.com,Atlanta,376.25,Store was crowded and it took too long to find assistance.,negative,0.27
T00086,2025-11-07,qsmith@gmail.com,San Francisco,127.45,Fast delivery and great packaging.,positive,0.83
T00087,2025-10-13,martinezshawn@gmail.com,Seattle,355.68,"Checkout was fine, a bit slow.",neutral,0.54
T00088,2025-11-11,heatherdavis@robles.com,New York,283.31,"Experience was fair, store was clean.",neutral,0.46
T00089,2025-11-09,selenahughes@yahoo.com,Online,332.16,"Delivery was standard, no problems.",neutral,0.56
T00090,2025-10-25,sandrawhite@yahoo.com,Online,173.48,"Very satisfied with the loyalty program, thank you!",positive,0.81
T00091,2025-10-29,johnsmith@hall-edwards.org,Boston,95.06,Amazing service and super helpful employees!,positive,0.84
T00092,2025-10-27,sherripatterson@yahoo.com,New York,442.24,"Very satisfied with the loyalty program, thank you!",positive,0.93
T00093,2025-11-07,toni52@jones.com,Dallas,444.95,Excellent experience overall — will definitely come back!,positive,0.77
T00094,2025-10-22,cynthiarichards@gmail.com,Boston,163.66,Staff was polite but prices were higher than expected.,neutral,0.5
T00095,2025-11-06,jessicarichardson@moore-richardson.com,Dallas,442.83,Customer service was outstanding!,positive,0.86
T00096,2025-10-21,justinguerra@santos.com,New York,366.33,Got my items as expected.,neutral,0.57
T00097,2025-10-26,mccarthyscott@myers.info,Miami,383.55,"Everything went perfectly, thanks!",positive,0.96
T00098,2025-10-25,allison31@burnett.net,Dallas,130.57,"Average experience, nothing special.",neutral,0.5
T00099,2025-10-24,amandabanks@cohen.com,Chicago,218.38,"Very satisfied with the loyalty program, thank you!",positive,0.76
T00100,2025-10-22,pricelaura@daniels-barnes.com,New York,142.77,"Average experience, nothing special.",neutral,0.49
T00101,2025-11-08,allison55@morris.com,Dallas,83.4,Excellent experience overall — will definitely come back!,positive,0.84
T00102,2025-11-06,brenda38@hotmail.com,Online,402.81,The cashier was polite and efficient.,positive,0.98
T00103,2025-11-04,wcooper@brooks.org,Atlanta,443.57,"Average experience, nothing special.",neutral,0.52
T00104,2025-11-11,psmith@hotmail.com,Boston,273.77,Excellent experience overall — will definitely come back!,positive,0.8
T00105,2025-10-29,donaldbranch@yahoo.com,Los Angeles,34.58,"Average experience, nothing special.",neutral,0.65
T00106,2025-10-27,riversangela@williams.net,Dallas,161.58,Smooth online purchase and delivery on time.,positive,0.86
T00107,2025-11-07,jared47@anderson-williams.org,Miami,282.06,Got my items as expected.,neutral,0.46
T00108,2025-11-07,connerjessica@gmail.com,Seattle,42.11,The cashier was polite and efficient.,positive,0.8
T00109,2025-10-26,jmoss@young.com,Chicago,349.28,Smooth online purchase and delivery on time.,positive,0.95
T00110,2025-10-20,zvincent@hotmail.com,Seattle,322.5,Checkout system crashed and I had to wait 10 minutes.,negative,0.23
T00111,2025-10-23,hunterporter@yahoo.com,Dallas,431.32,Store was crowded and it took too long to find assistance.,negative,0.3
T00112,2025-11-07,christine66@riley-mosley.com,Atlanta,130.36,Got my items as expected.,neutral,0.6
T00113,2025-10-14,anthonyperez@hotmail.com,Los Angeles,424.39,"Experience was fair, store was clean.",neutral,0.54
T00114,2025-11-11,david30@gmail.com,San Francisco,470.72,"Everything went perfectly, thanks!",positive,0.75
T00115,2025-10-28,asmith@hotmail.com,Boston,46.33,Amazing service and super helpful employees!,positive,0.85
T00116,2025-11-04,christopher84@hotmail.com,Miami,183.64,"Checkout was fine, a bit slow.",neutral,0.54
T00117,2025-10-25,pespinoza@yahoo.com,San Francisco,86.21,Excellent experience overall — will definitely come back!,positive,0.99
T00118,2025-10-24,garciadeborah@chase.net,Seattle,421.21,"Not bad, but could improve the return policy.",neutral,0.61
T00119,2025-10-20,brendansmith@gmail.com,New York,214.99,"Average experience, nothing special.",neutral,0.5
T00120,2025-11-08,rgraham@yahoo.com,Seattle,347.72,"Product arrived on time, but packaging could be better.",neutral,0.53
T00121,2025-11-04,xmendez@yahoo.com,New York,229.19,"Average experience, nothing special.",neutral,0.57
T00122,2025-10-30,nicolehopkins@scott-greene.biz,Dallas,10.02,Checkout system crashed and I had to wait 10 minutes.,negative,0.22
T00123,2025-10-25,cortezbrenda@yahoo.com,Boston,186.26,"Loved how friendly the staff was, checkout was quick and easy!",positive,0.8
T00124,2025-10-18,jennifer81@casey-hodges.com,Atlanta,123.5,"I got exactly what I wanted, no issues at all.",positive,0.97
T00125,2025-11-10,rubenrodriguez@yahoo.com,Miami,321.14,"Loved how friendly the staff was, checkout was quick and easy!",positive,0.89
T00126,2025-11-02,millerchristopher@yahoo.com,Boston,270.2,Product didn’t match the description online.,negative,0.16
T00127,2025-11-05,bedwards@jones-butler.com,New York,358.73,Checkout system crashed and I had to wait 10 minutes.,negative,0.21
T00128,2025-11-11,rachaeljordan@adams.com,Dallas,466.2,It worked out fine overall.,neutral,0.59
T00129,2025-10-13,lhutchinson@williams.info,New York,483.53,Customer service was outstanding!,positive,0.86
T00130,2025-11-11,zjones@hotmail.com,Chicago,421.27,Item arrived damaged and I couldn’t get a refund easily.,negative,0.17
T00131,2025-10-21,ngonzalez@gmail.com,Online,358.01,Delivery was delayed by several days.,negative,0.13
T00132,2025-10-16,benjamingonzalez@schwartz.com,New York,17.04,Item arrived damaged and I couldn’t get a refund easily.,negative,0.34
T00133,2025-11-04,amandaperez@velasquez.com,San Francisco,332.67,It worked out fine overall.,neutral,0.64
T00134,2025-11-08,michaelpowers@yahoo.com,Boston,163.98,"Very satisfied with the loyalty program, thank you!",positive,0.98
T00135,2025-11-11,chelseacollins@rivera.com,Atlanta,160.22,"Everything went perfectly, thanks!",positive,0.86
T00136,2025-10-21,omeyer@kennedy-walton.com,Los Angeles,351.86,Smooth online purchase and delivery on time.,positive,0.81
T00137,2025-10-27,pmcgee@yahoo.com,Atlanta,124.19,I was charged incorrectly and had to call support.,negative,0.23
T00138,2025-11-05,crystalherrera@larsen.biz,Atlanta,197.2,It worked out fine overall.,neutral,0.54
T00139,2025-11-03,georgeaustin@foley-gardner.org,Seattle,11.91,Got my items as expected.,neutral,0.47
T00140,2025-10-18,zsmith@hotmail.com,Online,212.93,Prices are too high for the quality offered.,negative,0.07
T00141,2025-10-17,twright@gmail.com,Seattle,358.47,Checkout system crashed and I had to wait 10 minutes.,negative,0.13
T00142,2025-10-22,qgillespie@carroll.com,Online,370.33,Fast delivery and great packaging.,positive,0.93
T00143,2025-10-24,heidijackson@gmail.com,Dallas,230.77,"Delivery was standard, no problems.",neutral,0.62
T00144,2025-10-19,hmarquez@hotmail.com,New York,20.55,"Very satisfied with the loyalty program, thank you!",positive,0.84
T00145,2025-10-16,brandimurphy@freeman.org,New York,38.73,"Experience was fair, store was clean.",neutral,0.63
T00146,2025-10-22,jacksoneugene@evans.net,New York,142.33,I was charged incorrectly and had to call support.,negative,0.25
T00147,2025-10-31,julia97@sutton.net,Miami,393.97,"Delivery was standard, no problems.",neutral,0.58
T00148,2025-10-29,robertcox@jenkins.net,Dallas,244.74,Store was crowded and it took too long to find assistance.,negative,0.3
T00149,2025-10-21,jeffrey50@gmail.com,Miami,469.97,"Experience was fair, store was clean.",neutral,0.61
T00150,2025-10-25,laurawilson@hotmail.com,Miami,224.78,Customer service was outstanding!,positive,0.85
T00151,2025-10-26,allisonwhite@carter-french.com,Chicago,244.84,The cashier was polite and efficient.,positive,1.0
T00152,2025-10-31,arodriguez@smith.org,Boston,120.75,"Delivery was standard, no problems.",neutral,0.64
T00153,2025-11-08,ashleyschwartz@gmail.com,Chicago,70.17,"I got exactly what I wanted, no issues at all.",positive,0.84
T00154,2025-10-26,lindseywilliams@sims.org,Seattle,461.75,"Delivery was standard, no problems.",neutral,0.52
T00155,2025-11-03,larrymiller@yahoo.com,New York,420.74,The cashier was polite and efficient.,positive,0.77
T00156,2025-11-08,iparks@hotmail.com,Boston,108.88,"Loved how friendly the staff was, checkout was quick and easy!",positive,0.86
T00157,2025-10-13,williamsshelley@yahoo.com,Seattle,423.66,Item arrived damaged and I couldn’t get a refund easily.,negative,0.07
T00158,2025-10-27,hamiltonraymond@hotmail.com,New York,464.03,Amazing service and super helpful employees!,positive,0.81
T00159,2025-10-17,tiffanyrhodes@reyes-rivera.com,Chicago,158.11,"Everything went perfectly, thanks!",positive,0.94
T00160,2025-11-08,jacquelinedavis@yahoo.com,Dallas,339.13,"Loved how friendly the staff was, checkout was quick and easy!",positive,0.86
T00161,2025-10-19,justin91@yahoo.com,Seattle,365.06,Terrible experience — won’t shop here again.,negative,0.03
T00162,2025-10-22,tyler31@adams.com,Online,494.26,Got my items as expected.,neutral,0.52
T00163,2025-10-20,awall@yahoo.com,Online,321.7,Fast delivery and great packaging.,positive,0.95
T00164,2025-10-20,michelle80@bailey-ramirez.com,New York,108.49,The app kept crashing during checkout.,negative,0.03
T00165,2025-11-02,duanemarquez@gutierrez.info,Miami,325.31,"Very satisfied with the loyalty program, thank you!",positive,0.77
T00166,2025-10-23,kevinmathews@waller-griffith.com,Miami,191.43,"Product arrived on time, but packaging could be better.",neutral,0.51
T00167,2025-10-16,vpatton@hotmail.com,New York,230.85,"Average experience, nothing special.",neutral,0.59
T00168,2025-11-07,joshuaclark@yahoo.com,Atlanta,348.88,The cashier was polite and efficient.,positive,0.95
T00169,2025-11-08,gravescraig@hotmail.com,Atlanta,344.95,Terrible experience — won’t shop here again.,negative,0.21
T00170,2025-10-14,lauren54@blankenship.org,Los Angeles,327.55,Excellent experience overall — will definitely come back!,positive,0.78
T00171,2025-10-14,nmorgan@gmail.com,Seattle,169.46,"I got exactly what I wanted, no issues at all.",positive,0.77
T00172,2025-10-28,kylecarey@jackson-frey.org,Chicago,125.74,It worked out fine overall.,neutral,0.52
T00173,2025-10-21,yleonard@reed.biz,Atlanta,53.38,"Checkout was fine, a bit slow.",neutral,0.64
T00174,2025-11-12,yperry@gmail.com,Dallas,58.46,Customer service was outstanding!,positive,0.85
T00175,2025-10-30,srussell@gonzalez-thomas.com,New York,230.71,Customer service was outstanding!,positive,0.94
T00176,2025-10-26,rachel55@yahoo.com,Dallas,447.85,I was charged incorrectly and had to call support.,negative,0.35
T00177,2025-10-16,jamie68@huerta-holt.net,Boston,401.29,Amazing service and super helpful employees!,positive,0.88
T00178,2025-11-04,qramos@chang.info,Seattle,175.88,"Everything went perfectly, thanks!",positive,1.0
T00179,2025-10-16,dchavez@schmidt.com,San Francisco,326.27,Prices are too high for the quality offered.,negative,0.3
T00180,2025-10-27,joannejordan@hotmail.com,Online,335.77,"Not bad, but could improve the return policy.",neutral,0.6
T00181,2025-11-12,rachelanderson@powell.com,Chicago,31.46,"It was okay, not great but not terrible.",neutral,0.61
T00182,2025-11-11,wpearson@hotmail.com,Online,191.64,Product didn’t match the description online.,negative,0.24
T00183,2025-11-01,frazieranthony@watkins-webb.com,New York,383.91,Store was crowded and it took too long to find assistance.,negative,0.06
T00184,2025-10-21,brian91@hotmail.com,San Francisco,366.05,"It was okay, not great but not terrible.",neutral,0.64
T00185,2025-10-25,irivera@yahoo.com,Miami,79.71,Product didn’t match the description online.,negative,0.35
T00186,2025-10-30,amberjuarez@gmail.com,Chicago,125.47,Excellent experience overall — will definitely come back!,positive,0.76
T00187,2025-10-22,ishort@holder.com,New York,134.61,Delivery was delayed by several days.,negative,0.1
T00188,2025-10-18,klong@sanders-webb.com,Boston,146.33,"Loved how friendly the staff was, checkout was quick and easy!",positive,0.79
T00189,2025-11-08,gabrielawilson@jones-lopez.com,Boston,18.13,"Very satisfied with the loyalty program, thank you!",positive,0.78
T00190,2025-10-21,morenonancy@lawson.biz,Dallas,144.67,It worked out fine overall.,neutral,0.54
T00191,2025-10-14,valentinekristin@yahoo.com,San Francisco,405.88,The cashier was polite and efficient.,positive,0.96
T00192,2025-10-25,jenningsjames@ward.org,San Francisco,89.54,Customer service was outstanding!,positive,0.94
T00193,2025-10-21,andrewgomez@gmail.com,Chicago,12.78,"Not bad, but could improve the return policy.",neutral,0.63
T00194,2025-11-12,daniel82@ellis.com,Miami,446.9,Amazing service and super helpful employees!,positive,0.85
T00195,2025-10-30,tannerspencer@yahoo.com,San Francisco,202.72,Got my items as expected.,neutral,0.64
T00196,2025-10-25,krystalgarcia@gmail.com,New York,384.77,Terrible experience — won’t shop here again.,negative,0.31
T00197,2025-10-17,sanderson@castillo.com,Online,414.52,"I got exactly what I wanted, no issues at all.",positive,0.93
T00198,2025-10-14,tamaradavies@bradley.com,Seattle,450.26,"Everything went perfectly, thanks!",positive,0.87
T00199,2025-11-05,vestes@gmail.com,Dallas,447.25,Item arrived damaged and I couldn’t get a refund easily.,negative,0.22
T00200,2025-10-21,olucas@yahoo.com,Atlanta,249.5,Fast delivery and great packaging.,positive,0.9
T00201,2025-10-21,linda52@gmail.com,Atlanta,127.73,Smooth online purchase and delivery on time.,positive,0.97
T00202,2025-11-08,fallen@harris.com,Atlanta,280.53,Amazing service and super helpful employees!,positive,0.91
T00203,2025-10-28,santiagochristina@cantu.biz,Boston,91.36,"Checkout was fine, a bit slow.",neutral,0.63
T00204,2025-10-31,deborah68@mendez.com,Chicago,322.85,Got my items as expected.,neutral,0.64
T00205,2025-10-26,armstrongbrenda@castillo-lopez.com,Miami,435.13,The cashier was polite and efficient.,positive,0.78
T00206,2025-10-31,washingtondeanna@perez-harris.com,Miami,94.62,"Loved how friendly the staff was, checkout was quick and easy!",positive,0.9
T00207,2025-10-19,jameshoward@hotmail.com,Los Angeles,402.06,Delivery was delayed by several days.,negative,0.29
T00208,2025-10-20,fjones@castro.info,San Francisco,252.48,"Loved how friendly the staff was, checkout was quick and easy!",positive,0.88
T00209,2025-10-29,kleinjoseph@jones.com,Seattle,371.31,"I got exactly what I wanted, no issues at all.",positive,0.94
T00210,2025-11-04,lewispatricia@gmail.com,Atlanta,256.97,"Not bad, but could improve the return policy.",neutral,0.48
T00211,2025-10-21,davisrebecca@yahoo.com,Miami,196.24,Excellent experience overall — will definitely come back!,positive,0.98
T00212,2025-10-30,qparker@fisher.com,Boston,119.72,Smooth online purchase and delivery on time.,positive,0.77
T00213,2025-10-23,jeffreymartinez@gmail.com,Seattle,259.44,"Experience was fair, store was clean.",neutral,0.5
T00214,2025-10-24,zdecker@gmail.com,Miami,428.49,The cashier was polite and efficient.,positive,0.97
T00215,2025-11-07,hrichards@martin-kim.com,Chicago,402.08,The cashier was polite and efficient.,positive,0.83
T00216,2025-11-10,thomasvargas@james.com,Boston,170.76,Got my items as expected.,neutral,0.61
T00217,2025-11-07,kellynicholas@hardin.com,Dallas,341.08,Got my items as expected.,neutral,0.47
T00218,2025-10-15,robertsbenjamin@matthews.net,Los Angeles,124.11,Customer service was rude and unhelpful.,negative,0.19
T00219,2025-10-29,murrayeric@yahoo.com,Miami,496.88,Prices are too high for the quality offered.,negative,0.18
T00220,2025-10-17,jogarcia@gmail.com,Los Angeles,477.41,Smooth online purchase and delivery on time.,positive,0.97
T00221,2025-10-24,shelbyhall@yahoo.com,Chicago,41.97,"Average experience, nothing special.",neutral,0.61
T00222,2025-10-27,stephen47@hotmail.com,Seattle,207.64,Store was crowded and it took too long to find assistance.,negative,0.15
T00223,2025-10-18,michael84@frank.org,Boston,43.9,"Very satisfied with the loyalty program, thank you!",positive,0.79
T00224,2025-10-24,richardfisher@edwards.com,San Francisco,252.48,Delivery was delayed by several days.,negative,0.05
T00225,2025-11-01,rgordon@garcia.net,Dallas,430.24,"Loved how friendly the staff was, checkout was quick and easy!",positive,0.82
T00226,2025-10-16,roy61@edwards-blake.biz,Atlanta,21.91,"Product arrived on time, but packaging could be better.",neutral,0.47
T00227,2025-10-21,jamescox@robinson-wright.com,New York,20.71,Excellent experience overall — will definitely come back!,positive,0.81
T00228,2025-11-11,joseph11@yahoo.com,Online,231.87,Prices are too high for the quality offered.,negative,0.34
T00229,2025-11-02,benjaminjohnathan@hotmail.com,Chicago,306.39,The app kept crashing during checkout.,negative,0.11
T00230,2025-11-05,nlee@yahoo.com,Chicago,472.05,Delivery was delayed by several days.,negative,0.06
T00231,2025-10-24,joshua10@diaz.com,Dallas,40.55,Amazing service and super helpful employees!,positive,0.93
T00232,2025-10-26,cisnerosmarissa@velez.net,Dallas,460.3,"Delivery was standard, no problems.",neutral,0.45
T00233,2025-10-30,prosales@gmail.com,Chicago,495.29,Product didn’t match the description online.,negative,0.3
T00234,2025-11-09,zsmith@gmail.com,Chicago,354.92,"Experience was fair, store was clean.",neutral,0.59
T00235,2025-10-24,xjones@gmail.com,Miami,228.51,It worked out fine overall.,neutral,0.59
T00236,2025-11-05,gmckinney@mayer.com,Online,478.7,"Loved how friendly the staff was, checkout was quick and easy!",positive,0.88
T00237,2025-10-26,john80@gmail.com,Online,161.65,"Very satisfied with the loyalty program, thank you!",positive,0.99
T00238,2025-11-08,rhondawall@hotmail.com,Online,321.56,"Very satisfied with the loyalty program, thank you!",positive,0.82
T00239,2025-10-26,tapiadennis@erickson.com,Atlanta,47.99,Amazing service and super helpful employees!,positive,0.94
T00240,2025-10-24,kathrynford@hotmail.com,San Francisco,360.93,Prices are too high for the quality offered.,negative,0.34
T00241,2025-11-04,mark09@gmail.com,Atlanta,315.54,Smooth online purchase and delivery on time.,positive,0.84
T00242,2025-10-26,welchshelly@hotmail.com,Online,252.9,"Very satisfied with the loyalty program, thank you!",positive,0.83
T00243,2025-11-09,laura01@hotmail.com,New York,65.35,"I got exactly what I wanted, no issues at all.",positive,0.81
T00244,2025-10-13,sheri86@simon-whitaker.com,Chicago,420.95,I was charged incorrectly and had to call support.,negative,0.3
T00245,2025-11-05,awilson@walton-mason.net,Dallas,300.66,"Not bad, but could improve the return policy.",neutral,0.56
T00246,2025-11-07,aprilweaver@perkins-mills.com,Atlanta,438.54,Amazing service and super helpful employees!,positive,0.76
T00247,2025-11-09,allenjimmy@gmail.com,New York,466.01,Got my items as expected.,neutral,0.64
T00248,2025-10-16,cjenkins@hotmail.com,Seattle,29.54,"Product arrived on time, but packaging could be better.",neutral,0.51
T00249,2025-11-09,rosariowendy@gmail.com,Los Angeles,236.13,"It was okay, not great but not terrible.",neutral,0.61
T00250,2025-10-24,ssloan@hotmail.com,Seattle,130.29,"Not bad, but could improve the return policy.",neutral,0.52
T00251,2025-10-16,bryanramos@hunt.info,Dallas,152.99,"Very satisfied with the loyalty program, thank you!",positive,0.97
T00252,2025-10-14,travishawkins@gmail.com,Atlanta,144.09,The cashier was polite and efficient.,positive,0.96
T00253,2025-11-10,dtate@gmail.com,Los Angeles,124.81,"Product arrived on time, but packaging could be better.",neutral,0.5
T00254,2025-10-23,psellers@marquez.com,New York,270.51,"Not bad, but could improve the return policy.",neutral,0.48
T00255,2025-11-03,mitchell89@aguilar.net,Los Angeles,385.15,"Checkout was fine, a bit slow.",neutral,0.47
T00256,2025-11-02,jennifershort@gmail.com,San Francisco,37.23,Smooth online purchase and delivery on time.,positive,0.95
T00257,2025-10-24,pittsdavid@yahoo.com,Boston,91.5,It worked out fine overall.,neutral,0.64
T00258,2025-10-23,collinschristopher@hotmail.com,Dallas,490.66,Smooth online purchase and delivery on time.,positive,0.99
T00259,2025-10-13,christopher47@hotmail.com,Seattle,195.42,Store was crowded and it took too long to find assistance.,negative,0.08
T00260,2025-10-22,ericcalhoun@weiss-carlson.net,Dallas,63.76,"I got exactly what I wanted, no issues at all.",positive,0.94
T00261,2025-10-31,michaeljames@hotmail.com,Seattle,415.9,Checkout system crashed and I had to wait 10 minutes.,negative,0.08
T00262,2025-10-16,amber59@williams.com,San Francisco,154.54,Checkout system crashed and I had to wait 10 minutes.,negative,0.04
T00263,2025-10-31,billy90@yahoo.com,New York,486.51,Product didn’t match the description online.,negative,0.35
T00264,2025-10-30,wtrujillo@yahoo.com,San Francisco,99.57,Item arrived damaged and I couldn’t get a refund easily.,negative,0.02
T00265,2025-11-03,timsimon@hotmail.com,San Francisco,273.91,Excellent experience overall — will definitely come back!,positive,0.9
T00266,2025-11-11,daniel97@yahoo.com,Los Angeles,213.31,"Delivery was standard, no problems.",neutral,0.48
T00267,2025-10-22,tinaross@nichols.com,Dallas,466.35,Got my items as expected.,neutral,0.62
T00268,2025-11-08,jessicamontgomery@hotmail.com,Boston,198.84,Staff was polite but prices were higher than expected.,neutral,0.52
T00269,2025-10-29,garciaangela@hotmail.com,Seattle,392.4,Customer service was rude and unhelpful.,negative,0.28
T00270,2025-10-17,harmonmichael@gmail.com,Miami,237.82,The cashier was polite and efficient.,positive,0.97
T00271,2025-11-10,seancantrell@santana.com,Dallas,60.68,Customer service was outstanding!,positive,0.84
T00272,2025-10-27,dolsen@smith-king.biz,Atlanta,44.47,The app kept crashing during checkout.,negative,0.06
T00273,2025-11-09,katherine70@gmail.com,Chicago,425.43,"Very satisfied with the loyalty program, thank you!",positive,0.9
T00274,2025-11-12,bryangonzales@hotmail.com,Chicago,71.95,"Everything went perfectly, thanks!",positive,0.79
T00275,2025-11-04,pcombs@cohen.net,San Francisco,452.28,Staff was polite but prices were higher than expected.,neutral,0.55
T00276,2025-11-05,riverakathryn@gmail.com,San Francisco,458.76,Terrible experience — won’t shop here again.,negative,0.24
T00277,2025-10-15,lbryant@hotmail.com,Atlanta,46.94,"Delivery was standard, no problems.",neutral,0.51
T00278,2025-10-13,lproctor@green-hines.com,New York,227.44,Product didn’t match the description online.,negative,0.0
T00279,2025-10-18,mflores@nguyen-wilson.net,Miami,435.91,Product didn’t match the description online.,negative,0.22
T00280,2025-10-20,michael51@gmail.com,Boston,440.06,The cashier was polite and efficient.,positive,0.82
T00281,2025-10-24,brandirodriguez@hotmail.com,Atlanta,315.46,Customer service was rude and unhelpful.,negative,0.13
T00282,2025-10-28,robersondylan@gmail.com,San Francisco,217.75,Got my items as expected.,neutral,0.65
T00283,2025-10-24,craigerickson@gmail.com,Seattle,343.75,Customer service was outstanding!,positive,0.9
T00284,2025-10-16,zsummers@young-crosby.com,Dallas,302.99,Customer service was outstanding!,positive,0.88
T00285,2025-11-11,woodkatie@jones.com,Online,170.56,Amazing service and super helpful employees!,positive,0.94
T00286,2025-10-25,grantclark@young.biz,Seattle,273.94,Fast delivery and great packaging.,positive,0.77
T00287,2025-11-12,rhoward@yahoo.com,Los Angeles,294.58,Item arrived damaged and I couldn’t get a refund easily.,negative,0.35
T00288,2025-10-31,barnettkayla@hernandez.net,Los Angeles,189.41,"Average experience, nothing special.",neutral,0.53
T00289,2025-11-03,lbenjamin@yahoo.com,Chicago,318.04,"Everything went perfectly, thanks!",positive,0.79
T00290,2025-10-25,amandasimpson@hotmail.com,Los Angeles,50.51,It worked out fine overall.,neutral,0.62
T00291,2025-10-14,uevans@hotmail.com,Miami,295.83,"Loved how friendly the staff was, checkout was quick and easy!",positive,0.87
T00292,2025-10-31,lisa79@yahoo.com,Dallas,65.8,"Very satisfied with the loyalty program, thank you!",positive,0.84
T00293,2025-10-13,michael37@hotmail.com,Dallas,283.76,Product didn’t match the description online.,negative,0.19
T00294,2025-10-16,michael64@norris.com,Boston,474.46,Delivery was delayed by several days.,negative,0.08
T00295,2025-11-01,grantmichael@white.org,Chicago,369.05,Amazing service and super helpful employees!,positive,0.85
T00296,2025-11-10,michael57@hotmail.com,New York,212.21,Amazing service and super helpful employees!,positive,1.0
T00297,2025-10-25,jgonzalez@warren.com,Online,23.79,Terrible experience — won’t shop here again.,negative,0.33
T00298,2025-10-25,andrea56@sanchez.com,Online,246.99,"Delivery was standard, no problems.",neutral,0.64
T00299,2025-11-02,achan@yahoo.com,New York,12.7,Staff was polite but prices were higher than expected.,neutral,0.57
T00300,2025-10-23,fcooper@booth-brown.com,Online,187.91,Customer service was outstanding!,positive,0.94
T00301,2025-11-12,trandavid@goodman.com,Dallas,472.79,"Delivery was standard, no problems.",neutral,0.59
T00302,2025-11-12,wilsonjoseph@gmail.com,Atlanta,496.24,"Everything went perfectly, thanks!",positive,0.89
T00303,2025-10-17,marklopez@hotmail.com,Atlanta,436.18,Fast delivery and great packaging.,positive,0.77
T00304,2025-10-31,jonesjared@hotmail.com,Los Angeles,339.45,Got my items as expected.,neutral,0.5
T00305,2025-10-25,reedcatherine@yahoo.com,Online,293.16,"Everything went perfectly, thanks!",positive,0.97
T00306,2025-11-09,kathleen46@berry.com,Boston,463.26,"Very satisfied with the loyalty program, thank you!",positive,0.97
T00307,2025-10-19,ruiztyler@yahoo.com,Dallas,436.6,"Average experience, nothing special.",neutral,0.47
T00308,2025-11-11,soniaclark@rodriguez-thompson.com,Los Angeles,386.35,"I got exactly what I wanted, no issues at all.",positive,0.96
T00309,2025-11-11,markwilliams@reynolds.com,Online,371.52,"Everything went perfectly, thanks!",positive,0.86
T00310,2025-11-07,lisa64@hotmail.com,Online,74.25,"Everything went perfectly, thanks!",positive,0.84
T00311,2025-10-23,carpenterjeremy@gmail.com,Dallas,443.73,"Very satisfied with the loyalty program, thank you!",positive,0.81
T00312,2025-11-05,williamwalsh@gmail.com,Online,189.71,"It was okay, not great but not terrible.",neutral,0.54
T00313,2025-11-05,reidanthony@brown-holmes.com,Los Angeles,400.84,"Product arrived on time, but packaging could be better.",neutral,0.53
T00314,2025-11-11,toddoliver@jones.biz,Atlanta,429.05,The cashier was polite and efficient.,positive,0.81
T00315,2025-10-17,youngmichael@ford.com,Online,388.42,"Very satisfied with the loyalty program, thank you!",positive,0.84
T00316,2025-11-03,samantha46@hotmail.com,Chicago,399.3,The cashier was polite and efficient.,positive,0.99
T00317,2025-10-13,xdean@flores.com,Seattle,469.1,Fast delivery and great packaging.,positive,0.95
T00318,2025-11-12,vdavis@bennett.com,New York,142.63,Staff was polite but prices were higher than expected.,neutral,0.63
T00319,2025-10-27,hernandezjon@tanner-terry.com,Online,113.77,"Average experience, nothing special.",neutral,0.56
T00320,2025-10-27,cranecolton@yahoo.com,Online,157.29,Excellent experience overall — will definitely come back!,positive,0.89
T00321,2025-11-01,carl25@yahoo.com,San Francisco,498.89,"Product arrived on time, but packaging could be better.",neutral,0.63
T00322,2025-11-04,twilliams@gmail.com,Seattle,129.56,"Checkout was fine, a bit slow.",neutral,0.53
T00323,2025-10-27,staffordmelissa@davis.com,Dallas,69.79,Store was crowded and it took too long to find assistance.,negative,0.19
T00324,2025-11-02,ajohnson@yahoo.com,Chicago,261.76,Amazing service and super helpful employees!,positive,0.79
T00325,2025-11-10,jesus46@day.info,Chicago,421.38,"Checkout was fine, a bit slow.",neutral,0.49
T00326,2025-10-19,fcollins@marshall.com,Chicago,453.19,Excellent experience overall — will definitely come back!,positive,0.85
T00327,2025-11-06,tkoch@gmail.com,San Francisco,452.63,Excellent experience overall — will definitely come back!,positive,0.92
T00328,2025-11-04,phillipramirez@hotmail.com,Online,466.07,Customer service was outstanding!,positive,0.75
T00329,2025-11-10,hkelley@kim.com,Dallas,135.87,"Delivery was standard, no problems.",neutral,0.48
T00330,2025-10-13,darlene29@yahoo.com,Dallas,155.91,"Checkout was fine, a bit slow.",neutral,0.46
T00331,2025-11-03,amywalker@wiggins.info,San Francisco,119.48,I was charged incorrectly and had to call support.,negative,0.31
T00332,2025-10-29,evelyn63@gmail.com,San Francisco,281.47,Product didn’t match the description online.,negative,0.13
T00333,2025-10-28,jonathanjones@figueroa.com,San Francisco,449.19,Delivery was delayed by several days.,negative,0.18
T00334,2025-10-29,enguyen@hotmail.com,Boston,462.22,I was charged incorrectly and had to call support.,negative,0.26
T00335,2025-10-26,maldonadojohnny@perez.com,Seattle,94.17,"I got exactly what I wanted, no issues at all.",positive,0.95
T00336,2025-10-27,sellersangelica@yahoo.com,Dallas,340.77,"It was okay, not great but not terrible.",neutral,0.63
T00337,2025-10-18,gabrielgonzalez@gmail.com,Atlanta,346.13,"Loved how friendly the staff was, checkout was quick and easy!",positive,0.9
T00338,2025-11-03,paguirre@hotmail.com,New York,51.18,Amazing service and super helpful employees!,positive,0.9
T00339,2025-10-17,michael72@hotmail.com,Los Angeles,24.74,The app kept crashing during checkout.,negative,0.03
T00340,2025-10-18,ewood@gmail.com,Seattle,116.52,Got my items as expected.,neutral,0.51
T00341,2025-10-16,rmartin@henry.org,Boston,428.87,"Loved how friendly the staff was, checkout was quick and easy!",positive,0.76
T00342,2025-10-29,randymiranda@wells.com,Seattle,138.05,Amazing service and super helpful employees!,positive,0.82
T00343,2025-11-12,kenneth95@stevens.org,Atlanta,260.36,Terrible experience — won’t shop here again.,negative,0.31
T00344,2025-11-06,joseph93@yahoo.com,Seattle,61.43,"Product arrived on time, but packaging could be better.",neutral,0.56
T00345,2025-11-03,shannonrodriguez@manning.org,Boston,153.95,"It was okay, not great but not terrible.",neutral,0.6
T00346,2025-10-28,emily00@hotmail.com,Los Angeles,293.78,Store was crowded and it took too long to find assistance.,negative,0.16
T00347,2025-10-20,mjones@gmail.com,Miami,428.01,It worked out fine overall.,neutral,0.63
T00348,2025-11-06,fitzpatrickmarvin@hotmail.com,Online,396.58,"Delivery was standard, no problems.",neutral,0.48
T00349,2025-10-29,aprilkent@gmail.com,Atlanta,465.7,"Everything went perfectly, thanks!",positive,0.88
T00350,2025-11-10,vjohnson@yahoo.com,New York,139.39,"Everything went perfectly, thanks!",positive,0.86
T00351,2025-11-04,taylordavid@yahoo.com,Dallas,258.81,"It was okay, not great but not terrible.",neutral,0.59
T00352,2025-10-29,toddleach@hendricks.com,Atlanta,421.87,The cashier was polite and efficient.,positive,0.89
T00353,2025-10-14,vargasmary@gmail.com,San Francisco,405.65,Excellent experience overall — will definitely come back!,positive,0.78
T00354,2025-10-28,kevinmiller@gmail.com,Boston,344.21,The cashier was polite and efficient.,positive,0.91
T00355,2025-10-21,rileyamber@wilkerson.com,Miami,47.71,I was charged incorrectly and had to call support.,negative,0.31
T00356,2025-10-13,ftaylor@english.info,San Francisco,85.11,Smooth online purchase and delivery on time.,positive,0.93
T00357,2025-10-24,morenokim@yahoo.com,Miami,360.17,"Not bad, but could improve the return policy.",neutral,0.61
T00358,2025-11-12,earlrowland@morris.com,Los Angeles,303.31,Item arrived damaged and I couldn’t get a refund easily.,negative,0.24
T00359,2025-11-08,chendebra@ellis-fisher.net,Miami,448.75,"Everything went perfectly, thanks!",positive,0.92
T00360,2025-11-01,sandrareese@edwards-patton.com,Miami,289.33,The cashier was polite and efficient.,positive,0.87
T00361,2025-10-21,allengrant@chen.com,New York,31.78,"Not bad, but could improve the return policy.",neutral,0.54
T00362,2025-10-30,vbarnes@patel.com,Miami,124.09,Fast delivery and great packaging.,positive,0.75
T00363,2025-11-04,jmyers@gmail.com,Los Angeles,56.4,Amazing service and super helpful employees!,positive,0.9
T00364,2025-10-13,kimberlyherrera@hotmail.com,Chicago,109.25,Customer service was outstanding!,positive,0.83
T00365,2025-11-04,jamespage@houston-wilkerson.info,New York,240.37,"It was okay, not great but not terrible.",neutral,0.59
T00366,2025-10-18,qdavis@hotmail.com,Miami,81.14,Amazing service and super helpful employees!,positive,0.83
T00367,2025-10-23,leonardcory@yahoo.com,Chicago,395.04,The app kept crashing during checkout.,negative,0.06
T00368,2025-10-13,paulsamantha@nielsen-martinez.com,San Francisco,184.04,Customer service was outstanding!,positive,0.93
T00369,2025-11-10,mark37@murray.net,Seattle,356.94,Checkout system crashed and I had to wait 10 minutes.,negative,0.18
T00370,2025-11-11,ngarrett@hotmail.com,New York,208.83,It worked out fine overall.,neutral,0.59
T00371,2025-11-09,larsonjessica@murphy-smith.com,Online,421.27,The app kept crashing during checkout.,negative,0.0
T00372,2025-10-21,dakota92@hotmail.com,Chicago,340.86,It worked out fine overall.,neutral,0.5
T00373,2025-11-04,yangmathew@collins.com,Dallas,403.01,Store was crowded and it took too long to find assistance.,negative,0.19
T00374,2025-10-15,nlogan@yahoo.com,Chicago,257.19,Smooth online purchase and delivery on time.,positive,0.81
T00375,2025-10-27,mcclurejessica@turner-ramos.net,Los Angeles,157.74,Prices are too high for the quality offered.,negative,0.17
T00376,2025-10-17,benjamin07@carlson-fowler.net,Seattle,267.53,"Loved how friendly the staff was, checkout was quick and easy!",positive,0.85
T00377,2025-10-20,jamesmitchell@delgado.org,Dallas,314.94,Item arrived damaged and I couldn’t get a refund easily.,negative,0.23
T00378,2025-10-14,zwhite@hotmail.com,Miami,328.62,Excellent experience overall — will definitely come back!,positive,0.78
T00379,2025-10-29,amy96@smith.com,Dallas,18.28,Customer service was rude and unhelpful.,negative,0.04
T00380,2025-10-21,kristen87@hotmail.com,Chicago,162.57,Checkout system crashed and I had to wait 10 minutes.,negative,0.01
T00381,2025-11-04,zirwin@gmail.com,Dallas,151.11,I was charged incorrectly and had to call support.,negative,0.28
T00382,2025-10-15,lisareynolds@allen-diaz.net,San Francisco,28.1,"Loved how friendly the staff was, checkout was quick and easy!",positive,0.94
T00383,2025-11-09,josecase@gmail.com,Online,27.59,"Average experience, nothing special.",neutral,0.53
T00384,2025-10-28,chelsea81@yahoo.com,New York,496.56,Excellent experience overall — will definitely come back!,positive,0.81
T00385,2025-10-13,hayneslouis@yahoo.com,Chicago,224.1,Customer service was rude and unhelpful.,negative,0.22
T00386,2025-10-21,jasonallen@gmail.com,Los Angeles,48.0,Delivery was delayed by several days.,negative,0.11
T00387,2025-10-16,wendyhester@ortega.com,Online,375.53,"Product arrived on time, but packaging could be better.",neutral,0.5
T00388,2025-10-25,natashaknight@burch-huber.com,Los Angeles,101.55,Checkout system crashed and I had to wait 10 minutes.,negative,0.13
T00389,2025-11-03,danaconway@snow.com,Miami,94.37,"Delivery was standard, no problems.",neutral,0.53
T00390,2025-10-19,jason61@glenn.com,Seattle,15.22,Checkout system crashed and I had to wait 10 minutes.,negative,0.1
T00391,2025-10-13,uclarke@hotmail.com,Los Angeles,269.57,Smooth online purchase and delivery on time.,positive,0.95
T00392,2025-11-09,danielsbrittany@hotmail.com,Seattle,489.64,"Checkout was fine, a bit slow.",neutral,0.49
T00393,2025-10-17,jamie69@graham.com,Chicago,142.3,"Everything went perfectly, thanks!",positive,0.84
T00394,2025-10-16,robertsstacy@patterson-whitney.biz,Dallas,391.11,I was charged incorrectly and had to call support.,negative,0.22
T00395,2025-10-17,julia38@may.info,Los Angeles,22.62,Got my items as expected.,neutral,0.64
T00396,2025-11-12,ppeterson@hotmail.com,Miami,202.29,Got my items as expected.,neutral,0.5
T00397,2025-10-22,stephaniecarter@hotmail.com,San Francisco,54.73,Excellent experience overall — will definitely come back!,positive,0.88
T00398,2025-10-16,lesliesmall@dodson-russo.com,Chicago,260.31,"It was okay, not great but not terrible.",neutral,0.59
T00399,2025-10-18,andradekaren@gmail.com,Atlanta,200.82,Product didn’t match the description online.,negative,0.12
T00400,2025-11-11,hernandezjanice@gmail.com,Atlanta,308.39,Delivery was delayed by several days.,negative,0.08
T00401,2025-10-23,jessica19@hotmail.com,Los Angeles,236.18,"Very satisfied with the loyalty program, thank you!",positive,0.8
T00402,2025-10-26,john61@hotmail.com,Boston,488.71,"I got exactly what I wanted, no issues at all.",positive,0.95
T00403,2025-10-20,laurahernandez@hotmail.com,Atlanta,66.92,The cashier was polite and efficient.,positive,0.99
T00404,2025-10-18,flowersmaria@camacho.com,San Francisco,330.82,"Loved how friendly the staff was, checkout was quick and easy!",positive,0.95
T00405,2025-10-16,troy33@gmail.com,Dallas,451.36,"Checkout was fine, a bit slow.",neutral,0.59
T00406,2025-10-25,stephenhobbs@herrera.info,San Francisco,279.37,Smooth online purchase and delivery on time.,positive,0.91
T00407,2025-10-13,steven47@hunter-smith.com,Online,419.46,Customer service was outstanding!,positive,0.88
T00408,2025-11-10,youngmichael@king-kelly.com,Boston,46.51,I was charged incorrectly and had to call support.,negative,0.09
T00409,2025-10-29,sanchezjessica@yahoo.com,Miami,197.07,"Average experience, nothing special.",neutral,0.48
T00410,2025-10-18,lindahamilton@jenkins.biz,San Francisco,94.84,"I got exactly what I wanted, no issues at all.",positive,0.79
T00411,2025-11-11,cynthia84@hotmail.com,Chicago,82.86,"Product arrived on time, but packaging could be better.",neutral,0.57
T00412,2025-10-28,stevensanchez@gmail.com,Seattle,350.01,"I got exactly what I wanted, no issues at all.",positive,0.87
T00413,2025-11-12,smithtina@adams.com,Dallas,86.5,"Very satisfied with the loyalty program, thank you!",positive,0.9
T00414,2025-10-21,annettekrueger@gmail.com,Los Angeles,223.92,The cashier was polite and efficient.,positive,0.84
T00415,2025-11-06,rodriguezlawrence@yahoo.com,Miami,114.23,"I got exactly what I wanted, no issues at all.",positive,0.8
T00416,2025-10-23,lopezmeredith@yahoo.com,Miami,281.74,"Everything went perfectly, thanks!",positive,0.97
T00417,2025-10-25,ymay@moran-mckay.com,Miami,168.16,Excellent experience overall — will definitely come back!,positive,0.87
T00418,2025-10-22,pgibson@weber.org,Los Angeles,231.57,"Everything went perfectly, thanks!",positive,0.97
T00419,2025-10-15,wharris@fox.com,San Francisco,281.05,"It was okay, not great but not terrible.",neutral,0.6
T00420,2025-11-02,zwilcox@todd.com,Atlanta,57.7,Excellent experience overall — will definitely come back!,positive,0.77
T00421,2025-11-07,bbolton@gmail.com,Atlanta,315.67,Staff was polite but prices were higher than expected.,neutral,0.55
T00422,2025-11-08,ebrennan@scott.com,Online,286.75,Got my items as expected.,neutral,0.59
T00423,2025-10-29,sandra50@krause.org,Atlanta,90.01,"Average experience, nothing special.",neutral,0.6
T00424,2025-11-10,benjamin55@valdez-horn.org,San Francisco,39.52,Amazing service and super helpful employees!,positive,0.82
T00425,2025-10-28,ytucker@gmail.com,Los Angeles,203.29,"Loved how friendly the staff was, checkout was quick and easy!",positive,0.76
T00426,2025-11-01,khardy@king.com,New York,237.68,"Checkout was fine, a bit slow.",neutral,0.55
T00427,2025-10-15,michaeljones@miller.biz,San Francisco,60.41,Amazing service and super helpful employees!,positive,0.96
T00428,2025-10-14,william48@allen.info,Dallas,499.86,Fast delivery and great packaging.,positive,0.79
T00429,2025-11-05,barnettanna@yahoo.com,Los Angeles,145.72,Fast delivery and great packaging.,positive,0.77
T00430,2025-11-12,dakotamiller@perez.com,Atlanta,28.0,The cashier was polite and efficient.,positive,0.93
T00431,2025-10-26,xdennis@hotmail.com,Miami,411.69,"Loved how friendly the staff was, checkout was quick and easy!",positive,0.99
T00432,2025-11-02,marc63@gmail.com,Chicago,448.23,"Loved how friendly the staff was, checkout was quick and easy!",positive,0.77
T00433,2025-10-16,dstein@hotmail.com,Atlanta,173.37,Customer service was outstanding!,positive,0.94
T00434,2025-10-19,qcarlson@edwards.org,Atlanta,181.47,Excellent experience overall — will definitely come back!,positive,0.8
T00435,2025-11-05,carrollashley@rodriguez.com,San Francisco,58.22,"Very satisfied with the loyalty program, thank you!",positive,0.84
T00436,2025-11-03,kevinwatkins@hotmail.com,Online,65.2,Delivery was delayed by several days.,negative,0.02
T00437,2025-10-17,morrismonica@hotmail.com,Miami,37.17,"Everything went perfectly, thanks!",positive,0.76
T00438,2025-10-22,sophiamartin@smith-kelly.net,Miami,115.34,Fast delivery and great packaging.,positive,0.75
T00439,2025-11-04,vmoss@hotmail.com,Los Angeles,416.48,"Not bad, but could improve the return policy.",neutral,0.5
T00440,2025-10-15,lpatterson@yahoo.com,Los Angeles,210.96,The app kept crashing during checkout.,negative,0.12
T00441,2025-10-16,miranda85@yahoo.com,Chicago,421.45,"Checkout was fine, a bit slow.",neutral,0.6
T00442,2025-11-04,griffincaroline@gmail.com,Boston,337.02,The app kept crashing during checkout.,negative,0.16
T00443,2025-10-15,stephaniemoore@hill-gordon.com,Online,170.25,Amazing service and super helpful employees!,positive,0.86
T00444,2025-10-15,swalls@hotmail.com,Online,295.26,It worked out fine overall.,neutral,0.5
T00445,2025-10-20,ariel63@gmail.com,Boston,360.62,"Loved how friendly the staff was, checkout was quick and easy!",positive,0.83
T00446,2025-11-09,michael76@gmail.com,Los Angeles,58.25,"Experience was fair, store was clean.",neutral,0.52
T00447,2025-10-13,toddjessica@hotmail.com,Los Angeles,242.4,"Loved how friendly the staff was, checkout was quick and easy!",positive,0.89
T00448,2025-11-11,wilsonjoshua@murphy.biz,Online,480.08,Amazing service and super helpful employees!,positive,0.93
T00449,2025-10-19,ortizashley@gmail.com,Boston,238.47,The cashier was polite and efficient.,positive,0.76
T00450,2025-10-20,rsavage@hotmail.com,San Francisco,97.37,"Not bad, but could improve the return policy.",neutral,0.46
T00451,2025-10-24,carcher@jones.com,Chicago,66.83,Amazing service and super helpful employees!,positive,0.96
T00452,2025-11-12,terrywatts@yahoo.com,Miami,63.13,"Delivery was standard, no problems.",neutral,0.58
T00453,2025-11-03,gonzalezkimberly@gmail.com,Dallas,188.99,Terrible experience — won’t shop here again.,negative,0.05
T00454,2025-10-22,mbrown@petersen.org,Boston,47.63,"Product arrived on time, but packaging could be better.",neutral,0.56
T00455,2025-10-18,qmoore@hotmail.com,Online,173.96,"Very satisfied with the loyalty program, thank you!",positive,0.78
T00456,2025-10-30,udiaz@morrison.com,Dallas,423.53,"Experience was fair, store was clean.",neutral,0.62
T00457,2025-11-08,jcarpenter@hotmail.com,Los Angeles,100.72,Checkout system crashed and I had to wait 10 minutes.,negative,0.28
T00458,2025-11-10,roberto23@yahoo.com,New York,486.84,"Product arrived on time, but packaging could be better.",neutral,0.48
T00459,2025-10-13,jasonramirez@gmail.com,Los Angeles,266.74,"Very satisfied with the loyalty program, thank you!",positive,0.98
T00460,2025-10-18,jamesferrell@hotmail.com,New York,335.53,Terrible experience — won’t shop here again.,negative,0.15
T00461,2025-10-22,fburns@jackson-khan.info,Seattle,59.61,"Checkout was fine, a bit slow.",neutral,0.48
T00462,2025-11-09,macdonaldmaria@parks.org,Chicago,115.67,Delivery was delayed by several days.,negative,0.33
T00463,2025-10-22,dannyowens@hotmail.com,Chicago,38.33,"Checkout was fine, a bit slow.",neutral,0.55
T00464,2025-10-26,joshuaharris@gmail.com,New York,68.46,The cashier was polite and efficient.,positive,0.82
T00465,2025-10-24,gordonmia@gmail.com,Los Angeles,241.89,"Average experience, nothing special.",neutral,0.56
T00466,2025-11-04,comptonerin@yahoo.com,Atlanta,379.67,Prices are too high for the quality offered.,negative,0.11
T00467,2025-11-09,hmitchell@gmail.com,Dallas,160.69,The cashier was polite and efficient.,positive,0.85
T00468,2025-11-06,jimmygarcia@patel.org,Chicago,460.73,Prices are too high for the quality offered.,negative,0.22
T00469,2025-10-31,christinacruz@casey-mueller.net,San Francisco,21.17,"I got exactly what I wanted, no issues at all.",positive,0.78
T00470,2025-10-20,jenkinsjill@gmail.com,Online,77.98,Fast delivery and great packaging.,positive,0.86
T00471,2025-11-01,kevinfrank@gmail.com,Dallas,259.46,Prices are too high for the quality offered.,negative,0.12
T00472,2025-11-07,patricia36@hotmail.com,New York,183.34,"Loved how friendly the staff was, checkout was quick and easy!",positive,0.8
T00473,2025-10-25,wstone@gmail.com,New York,486.8,Excellent experience overall — will definitely come back!,positive,0.84
T00474,2025-10-18,denise61@yahoo.com,Seattle,376.55,"I got exactly what I wanted, no issues at all.",positive,0.82
T00475,2025-11-04,jeremy17@sutton.com,Boston,400.88,"I got exactly what I wanted, no issues at all.",positive,0.81
T00476,2025-11-08,tjohnston@hotmail.com,Online,439.61,Excellent experience overall — will definitely come back!,positive,0.97
T00477,2025-10-20,perezmelissa@hotmail.com,Online,52.41,"It was okay, not great but not terrible.",neutral,0.51
T00478,2025-10-18,stepheningram@hotmail.com,Seattle,199.23,Customer service was rude and unhelpful.,negative,0.17
T00479,2025-10-20,iwoodard@gmail.com,Seattle,112.87,Product didn’t match the description online.,negative,0.25
T00480,2025-11-10,taylorlaura@hotmail.com,Boston,166.59,Customer service was rude and unhelpful.,negative,0.17
T00481,2025-10-14,garciadylan@dawson.org,New York,332.72,Terrible experience — won’t shop here again.,negative,0.16
T00482,2025-10-18,mccartyclaudia@vazquez.com,Los Angeles,429.57,"Average experience, nothing special.",neutral,0.46
T00483,2025-11-02,millercharles@gmail.com,Online,238.42,The cashier was polite and efficient.,positive,0.94
T00484,2025-10-21,noahhart@yahoo.com,Boston,441.44,"Not bad, but could improve the return policy.",neutral,0.57
T00485,2025-10-26,tommy98@jones-evans.com,Seattle,499.82,"I got exactly what I wanted, no issues at all.",positive,0.99
T00486,2025-10-21,copelanddaniel@yahoo.com,Boston,308.58,Terrible experience — won’t shop here again.,negative,0.05
T00487,2025-10-18,rachelmeyer@williams-gaines.com,San Francisco,481.52,Smooth online purchase and delivery on time.,positive,0.95
T00488,2025-11-12,chasehendricks@yahoo.com,Miami,286.61,The app kept crashing during checkout.,negative,0.24
T00489,2025-10-31,fstewart@hotmail.com,San Francisco,140.11,Prices are too high for the quality offered.,negative,0.21
T00490,2025-10-14,alyssa82@kidd.com,Chicago,85.19,"Delivery was standard, no problems.",neutral,0.6
T00491,2025-10-31,rachel14@pham-miranda.com,Boston,234.43,"Everything went perfectly, thanks!",positive,0.86
T00492,2025-10-17,kandrews@hotmail.com,Miami,172.23,Store was crowded and it took too long to find assistance.,negative,0.34
T00493,2025-10-24,patricia37@watts.net,Chicago,402.97,"Loved how friendly the staff was, checkout was quick and easy!",positive,1.0
T00494,2025-11-10,charles54@yahoo.com,Miami,428.53,Store was crowded and it took too long to find assistance.,negative,0.25
T00495,2025-10-13,george60@gmail.com,Online,428.35,"Delivery was standard, no problems.",neutral,0.57
T00496,2025-10-17,elopez@hotmail.com,San Francisco,110.96,"Everything went perfectly, thanks!",positive,0.95
T00497,2025-10-31,stephanieluna@grant-woodard.info,Atlanta,134.48,"Checkout was fine, a bit slow.",neutral,0.65
T00498,2025-10-29,abradford@miller.info,Seattle,344.58,Delivery was delayed by several days.,negative,0.33
T00499,2025-10-23,krystal98@hotmail.com,San Francisco,222.78,"I got exactly what I wanted, no issues at all.",positive,0.86
T00500,2025-11-12,chris96@cole.com,Los Angeles,267.38,"I got exactly what I wanted, no issues at all.",positive,1.0
T00501,2025-10-18,peter79@gmail.com,San Francisco,426.66,"Product arrived on time, but packaging could be better.",neutral,0.53
T00502,2025-11-01,wrightjennifer@rodriguez.com,Boston,166.68,Store was crowded and it took too long to find assistance.,negative,0.14
T00503,2025-11-05,michaelchristopher@allen.com,Dallas,48.34,"I got exactly what I wanted, no issues at all.",positive,0.98
T00504,2025-10-17,mfoster@hall-kline.com,Chicago,262.23,Amazing service and super helpful employees!,positive,0.95
T00505,2025-11-04,dawncox@gmail.com,Atlanta,318.19,"I got exactly what I wanted, no issues at all.",positive,0.84
T00506,2025-11-01,vmarquez@yahoo.com,Los Angeles,463.69,"Everything went perfectly, thanks!",positive,0.93
T00507,2025-10-31,moniquegraham@gmail.com,Miami,38.09,"Experience was fair, store was clean.",neutral,0.62
T00508,2025-10-19,audrey99@ochoa.info,San Francisco,317.3,Fast delivery and great packaging.,positive,0.97
T00509,2025-10-17,thomas33@garcia.com,Atlanta,339.22,Amazing service and super helpful employees!,positive,0.82
T00510,2025-10-18,jameshoffman@white.org,Seattle,277.84,"Very satisfied with the loyalty program, thank you!",positive,0.99
T00511,2025-10-29,vvillegas@gmail.com,Dallas,39.4,Amazing service and super helpful employees!,positive,0.76
T00512,2025-11-06,henryjames@knight.biz,Dallas,403.45,"Everything went perfectly, thanks!",positive,0.79
T00513,2025-11-03,calvin69@gmail.com,Seattle,306.0,"Delivery was standard, no problems.",neutral,0.55
T00514,2025-11-04,acruz@hotmail.com,New York,95.79,"Everything went perfectly, thanks!",positive,0.89
T00515,2025-11-08,pfranklin@hotmail.com,Chicago,100.79,"Very satisfied with the loyalty program, thank you!",positive,0.91
T00516,2025-10-27,jonesseth@gmail.com,Seattle,91.22,Excellent experience overall — will definitely come back!,positive,0.83
T00517,2025-10-24,rachel19@green-rose.biz,Online,79.78,Excellent experience overall — will definitely come back!,positive,1.0
T00518,2025-10-28,castrokaren@clark-browning.com,Seattle,240.71,"Checkout was fine, a bit slow.",neutral,0.64
T00519,2025-11-01,pamela94@hotmail.com,Online,219.48,Item arrived damaged and I couldn’t get a refund easily.,negative,0.22
T00520,2025-11-03,zyoung@smith.net,Miami,326.1,"It was okay, not great but not terrible.",neutral,0.55
T00521,2025-10-28,robert96@hotmail.com,Chicago,269.35,The cashier was polite and efficient.,positive,0.85
T00522,2025-11-08,jo68@jackson.net,Seattle,149.51,"I got exactly what I wanted, no issues at all.",positive,0.98
T00523,2025-10-25,christopher47@chapman-coleman.com,Los Angeles,403.46,"I got exactly what I wanted, no issues at all.",positive,0.88
T00524,2025-11-09,hallmichael@taylor.biz,Seattle,203.0,Customer service was outstanding!,positive,0.85
T00525,2025-11-04,kimberlybennett@gmail.com,Seattle,352.17,"Very satisfied with the loyalty program, thank you!",positive,0.87
T00526,2025-10-25,clarkjohn@lee.org,Los Angeles,472.13,Item arrived damaged and I couldn’t get a refund easily.,negative,0.06
T00527,2025-11-01,mayjessica@gmail.com,San Francisco,492.51,Item arrived damaged and I couldn’t get a refund easily.,negative,0.14
T00528,2025-11-02,barbara19@fischer-welch.net,San Francisco,224.68,Delivery was delayed by several days.,negative,0.21
T00529,2025-11-05,jennafrank@yahoo.com,Miami,216.17,Product didn’t match the description online.,negative,0.01
T00530,2025-10-22,kristen23@hotmail.com,Miami,463.74,"Delivery was standard, no problems.",neutral,0.53
T00531,2025-10-28,estradaaustin@dominguez.com,Atlanta,275.44,Customer service was rude and unhelpful.,negative,0.21
T00532,2025-10-30,olivia90@gmail.com,San Francisco,148.92,"Experience was fair, store was clean.",neutral,0.57
T00533,2025-10-20,perezrobin@yahoo.com,Boston,466.18,"Not bad, but could improve the return policy.",neutral,0.52
T00534,2025-11-03,daniel96@hotmail.com,Online,297.91,Fast delivery and great packaging.,positive,0.8
T00535,2025-11-05,kimberlymiller@wheeler-henderson.com,Chicago,32.7,Customer service was outstanding!,positive,0.79
T00536,2025-11-10,gonzalezdaniel@mccoy.com,Miami,383.08,"Product arrived on time, but packaging could be better.",neutral,0.63
T00537,2025-11-05,prattelizabeth@brewer.org,San Francisco,398.09,Customer service was outstanding!,positive,0.9
T00538,2025-10-16,jenkinstami@bailey.biz,Online,126.05,"Very satisfied with the loyalty program, thank you!",positive,0.77
T00539,2025-10-14,samantha39@bell.com,San Francisco,201.7,"Experience was fair, store was clean.",neutral,0.46
T00540,2025-10-26,mcdonaldnicholas@padilla.com,San Francisco,128.07,"Average experience, nothing special.",neutral,0.53
T00541,2025-10-30,atkinsronald@hotmail.com,Dallas,179.67,Fast delivery and great packaging.,positive,0.91
T00542,2025-10-19,brad20@gmail.com,Chicago,112.83,Amazing service and super helpful employees!,positive,0.96
T00543,2025-11-07,danielle13@ortega.com,Atlanta,99.84,"Delivery was standard, no problems.",neutral,0.55
T00544,2025-11-10,walkerashley@myers-gardner.com,Miami,270.96,"Experience was fair, store was clean.",neutral,0.45
T00545,2025-10-16,hmoore@watts.net,Los Angeles,403.3,"Everything went perfectly, thanks!",positive,0.88
T00546,2025-10-26,jessicafischer@ray.org,Los Angeles,225.73,"Loved how friendly the staff was, checkout was quick and easy!",positive,0.89
T00547,2025-10-23,stephen09@gmail.com,Boston,146.47,The cashier was polite and efficient.,positive,0.83
T00548,2025-11-02,theresa94@sutton.net,Los Angeles,338.72,"I got exactly what I wanted, no issues at all.",positive,0.85
T00549,2025-10-21,austinwelch@hotmail.com,San Francisco,73.77,The app kept crashing during checkout.,negative,0.21
T00550,2025-10-20,amanda26@garner.info,San Francisco,316.67,It worked out fine overall.,neutral,0.49
T00551,2025-10-28,shirley31@knight.info,Atlanta,213.45,Fast delivery and great packaging.,positive,0.95
T00552,2025-11-12,john24@hotmail.com,Dallas,407.31,Customer service was outstanding!,positive,0.76
T00553,2025-11-11,morganlaura@gmail.com,Miami,25.27,Amazing service and super helpful employees!,positive,0.91
T00554,2025-10-19,trobbins@burch-rivas.com,Los Angeles,274.47,"Not bad, but could improve the return policy.",neutral,0.5
T00555,2025-11-07,clarkhaley@ford.biz,New York,67.63,Smooth online purchase and delivery on time.,positive,1.0
T00556,2025-10-31,allison64@yahoo.com,Boston,302.87,"Product arrived on time, but packaging could be better.",neutral,0.59
T00557,2025-10-30,portiz@thomas.org,New York,458.1,Delivery was delayed by several days.,negative,0.13
T00558,2025-11-02,joshuaturner@kim.org,Dallas,306.36,"I got exactly what I wanted, no issues at all.",positive,0.86
T00559,2025-11-08,kingbenjamin@hotmail.com,Seattle,82.06,Fast delivery and great packaging.,positive,0.84
T00560,2025-10-28,gtanner@wells-burgess.biz,Seattle,371.45,Terrible experience — won’t shop here again.,negative,0.34
T00561,2025-11-07,destinyrivas@graves-jennings.com,Boston,298.76,"It was okay, not great but not terrible.",neutral,0.47
T00562,2025-10-14,stacygrimes@whitaker-webster.org,Miami,466.65,Fast delivery and great packaging.,positive,0.77
T00563,2025-11-08,don93@martin.biz,Online,262.65,"I got exactly what I wanted, no issues at all.",positive,0.97
T00564,2025-11-05,megan12@parker.com,Seattle,64.96,The app kept crashing during checkout.,negative,0.17
T00565,2025-10-30,samuel11@crosby.info,Online,259.06,The cashier was polite and efficient.,positive,0.86
T00566,2025-10-19,stephen94@stewart.org,Los Angeles,438.02,Fast delivery and great packaging.,positive,0.76
T00567,2025-10-16,hartnoah@powers.com,Boston,117.22,Amazing service and super helpful employees!,positive,0.99
T00568,2025-11-11,bennettlinda@king.com,Los Angeles,126.79,Staff was polite but prices were higher than expected.,neutral,0.53
T00569,2025-11-11,uberg@gmail.com,Los Angeles,294.78,"Delivery was standard, no problems.",neutral,0.51
T00570,2025-11-05,julie28@moore.com,Boston,27.95,Fast delivery and great packaging.,positive,0.84
T00571,2025-10-28,dvaldez@stephenson-vargas.org,Atlanta,493.76,Staff was polite but prices were higher than expected.,neutral,0.5
T00572,2025-10-15,matthewlester@woods.com,San Francisco,238.81,Amazing service and super helpful employees!,positive,0.77
T00573,2025-10-17,mitchelledwards@casey.biz,Dallas,141.39,"It was okay, not great but not terrible.",neutral,0.59
T00574,2025-10-31,jessicaross@hotmail.com,New York,228.64,Excellent experience overall — will definitely come back!,positive,0.88
T00575,2025-11-11,elizabeth33@gmail.com,New York,435.02,Customer service was outstanding!,positive,0.79
T00576,2025-11-12,justinlawson@roman.com,Miami,236.88,"Loved how friendly the staff was, checkout was quick and easy!",positive,0.79
T00577,2025-10-31,ldodson@flores.net,Miami,332.28,Excellent experience overall — will definitely come back!,positive,0.97
T00578,2025-11-05,isaiah64@kim.info,Miami,192.87,Customer service was rude and unhelpful.,negative,0.24
T00579,2025-10-18,rsaunders@mason.com,Chicago,35.49,"Loved how friendly the staff was, checkout was quick and easy!",positive,0.83
T00580,2025-10-27,todd92@palmer.com,Atlanta,374.5,Excellent experience overall — will definitely come back!,positive,0.79
T00581,2025-10-27,owheeler@hutchinson.org,Atlanta,29.99,"Loved how friendly the staff was, checkout was quick and easy!",positive,0.76
T00582,2025-10-30,noahchavez@hotmail.com,New York,300.71,"Everything went perfectly, thanks!",positive,1.0
T00583,2025-10-20,karl97@waller-frazier.biz,Boston,452.77,Product didn’t match the description online.,negative,0.29
T00584,2025-11-10,donna31@gmail.com,Dallas,41.08,Staff was polite but prices were higher than expected.,neutral,0.52
T00585,2025-10-29,bakersusan@casey-perez.com,Boston,125.74,Customer service was outstanding!,positive,0.84
T00586,2025-11-04,velazquezsonya@hotmail.com,Chicago,358.37,"I got exactly what I wanted, no issues at all.",positive,0.75
T00587,2025-11-11,nicholas92@hotmail.com,Los Angeles,432.43,Prices are too high for the quality offered.,negative,0.12
T00588,2025-10-23,sarahlewis@brock.com,New York,338.02,"Everything went perfectly, thanks!",positive,0.8
T00589,2025-11-08,sarahortiz@burton-johnson.com,New York,234.93,"I got exactly what I wanted, no issues at all.",positive,0.78
T00590,2025-11-09,oking@yahoo.com,Boston,491.16,It worked out fine overall.,neutral,0.55
T00591,2025-10-18,jillianmitchell@hotmail.com,San Francisco,420.85,The app kept crashing during checkout.,negative,0.24
T00592,2025-10-23,mark24@anderson.info,Chicago,152.3,"Not bad, but could improve the return policy.",neutral,0.63
T00593,2025-10-15,boyerwendy@garcia-stephens.org,Miami,458.22,Staff was polite but prices were higher than expected.,neutral,0.65
T00594,2025-10-16,landrews@schwartz.net,Boston,128.74,The cashier was polite and efficient.,positive,0.97
T00595,2025-10-14,allison04@yahoo.com,Los Angeles,165.22,Amazing service and super helpful employees!,positive,0.89
T00596,2025-11-09,walkertyler@green.com,Boston,100.14,The app kept crashing during checkout.,negative,0.01
T00597,2025-10-19,flemingmichelle@armstrong.com,New York,453.29,Item arrived damaged and I couldn’t get a refund easily.,negative,0.19
T00598,2025-11-09,cgreer@gmail.com,Dallas,347.02,Smooth online purchase and delivery on time.,positive,0.98
T00599,2025-10-18,jholloway@gmail.com,Atlanta,111.16,I was charged incorrectly and had to call support.,negative,0.05
T00600,2025-11-02,isaac22@gmail.com,New York,87.91,"Product arrived on time, but packaging could be better.",neutral,0.47
T00601,2025-10-17,fowlerphilip@nguyen-mcfarland.net,Seattle,43.3,"Not bad, but could improve the return policy.",neutral,0.54
T00602,2025-11-11,yvette41@gmail.com,Chicago,142.94,Item arrived damaged and I couldn’t get a refund easily.,negative,0.23
T00603,2025-10-17,anelson@sanders.net,Miami,270.85,Store was crowded and it took too long to find assistance.,negative,0.06
T00604,2025-10-31,donaldellis@yahoo.com,Chicago,499.41,Smooth online purchase and delivery on time.,positive,0.89
T00605,2025-11-03,davidchavez@yahoo.com,Seattle,75.68,"Experience was fair, store was clean.",neutral,0.64
T00606,2025-10-18,ricky29@gmail.com,Atlanta,406.24,Item arrived damaged and I couldn’t get a refund easily.,negative,0.11
T00607,2025-10-14,heathervance@hotmail.com,Dallas,391.19,Customer service was rude and unhelpful.,negative,0.05
T00608,2025-10-18,zmitchell@watson.com,Los Angeles,115.47,Customer service was outstanding!,positive,0.77
T00609,2025-11-10,caleb23@russell-francis.com,Boston,412.31,Excellent experience overall — will definitely come back!,positive,0.93
T00610,2025-11-06,wwatson@yahoo.com,New York,497.38,"Not bad, but could improve the return policy.",neutral,0.49
T00611,2025-10-22,tomkim@howell.org,Online,414.51,"It was okay, not great but not terrible.",neutral,0.64
T00612,2025-10-15,tjohnson@gmail.com,Dallas,146.23,Product didn’t match the description online.,negative,0.02
T00613,2025-11-12,alexis48@hotmail.com,Seattle,96.4,Excellent experience overall — will definitely come back!,positive,0.99
T00614,2025-11-08,jacob27@hotmail.com,Miami,344.04,"Loved how friendly the staff was, checkout was quick and easy!",positive,0.86
T00615,2025-10-21,andersonchris@yahoo.com,Atlanta,15.17,The cashier was polite and efficient.,positive,1.0
T00616,2025-10-21,clarkcharles@yahoo.com,Atlanta,483.22,"Loved how friendly the staff was, checkout was quick and easy!",positive,0.84
T00617,2025-11-02,jessica02@yahoo.com,Online,415.09,Smooth online purchase and delivery on time.,positive,0.89
T00618,2025-10-31,dwilliams@hotmail.com,Miami,180.86,Fast delivery and great packaging.,positive,0.91
T00619,2025-10-25,mcclureamanda@gmail.com,Online,75.15,Amazing service and super helpful employees!,positive,0.86
T00620,2025-10-22,charlesmedina@hotmail.com,San Francisco,63.31,Prices are too high for the quality offered.,negative,0.02
T00621,2025-10-14,collinsaaron@yahoo.com,New York,269.2,Customer service was outstanding!,positive,0.93
T00622,2025-10-22,elizabeth90@acosta-navarro.com,Los Angeles,77.46,Delivery was delayed by several days.,negative,0.08
T00623,2025-10-30,scottmiller@sexton.info,Boston,241.16,"Experience was fair, store was clean.",neutral,0.56
T00624,2025-11-07,psmith@green-carter.com,Miami,72.19,Excellent experience overall — will definitely come back!,positive,0.76
T00625,2025-11-02,williamslogan@hotmail.com,Boston,97.68,Delivery was delayed by several days.,negative,0.04
T00626,2025-10-31,dlogan@gmail.com,Dallas,134.79,"Very satisfied with the loyalty program, thank you!",positive,0.82
T00627,2025-10-19,andrew03@wilson.com,Los Angeles,207.15,Excellent experience overall — will definitely come back!,positive,0.93
T00628,2025-10-26,hwilliams@harris.com,New York,381.83,Prices are too high for the quality offered.,negative,0.21
T00629,2025-10-23,christopher03@keith.info,Dallas,442.99,"Experience was fair, store was clean.",neutral,0.61
T00630,2025-10-22,bdouglas@yahoo.com,Online,86.03,Amazing service and super helpful employees!,positive,1.0
T00631,2025-10-25,jenniferwright@deleon-roth.com,Chicago,187.81,"Everything went perfectly, thanks!",positive,0.83
T00632,2025-10-29,brandonmarquez@taylor.info,Los Angeles,483.83,Customer service was outstanding!,positive,0.76
T00633,2025-10-14,nealwillie@glover.com,Online,476.46,"Average experience, nothing special.",neutral,0.59
T00634,2025-10-19,wongedwin@cook.com,Dallas,71.76,It worked out fine overall.,neutral,0.58
T00635,2025-10-24,michaelwarren@berry-walker.com,Atlanta,367.77,"Checkout was fine, a bit slow.",neutral,0.53
T00636,2025-10-23,robersonalison@gmail.com,Miami,100.41,"Experience was fair, store was clean.",neutral,0.51
T00637,2025-11-02,jessica64@hotmail.com,Seattle,85.01,"Loved how friendly the staff was, checkout was quick and easy!",positive,0.82
T00638,2025-11-12,matthew13@reynolds.org,Miami,229.21,Customer service was outstanding!,positive,0.92
T00639,2025-10-16,nicholsonamanda@yahoo.com,Boston,148.95,The cashier was polite and efficient.,positive,0.85
T00640,2025-11-05,riosmorgan@yahoo.com,Chicago,346.26,Fast delivery and great packaging.,positive,0.93
T00641,2025-10-25,ferrellangela@freeman.org,Online,126.89,"Everything went perfectly, thanks!",positive,0.92
T00642,2025-11-02,haleymartin@gmail.com,Boston,290.39,"Loved how friendly the staff was, checkout was quick and easy!",positive,0.98
T00643,2025-10-24,hannahrich@mullins.com,San Francisco,343.43,Item arrived damaged and I couldn’t get a refund easily.,negative,0.14
T00644,2025-11-07,jodysmith@pratt-wright.com,San Francisco,212.19,"Everything went perfectly, thanks!",positive,0.87
T00645,2025-10-15,harrisjeffery@hart-mooney.com,Miami,367.56,"Experience was fair, store was clean.",neutral,0.64
T00646,2025-10-24,jerometodd@yahoo.com,Dallas,123.67,"Everything went perfectly, thanks!",positive,0.94
T00647,2025-10-24,gabriel22@gmail.com,Seattle,39.29,Store was crowded and it took too long to find assistance.,negative,0.3
T00648,2025-11-01,robindavis@hotmail.com,Atlanta,24.43,"I got exactly what I wanted, no issues at all.",positive,0.86
T00649,2025-11-07,vcortez@gmail.com,Atlanta,456.87,Item arrived damaged and I couldn’t get a refund easily.,negative,0.06
T00650,2025-10-25,odonnelldenise@mendoza.org,Chicago,291.97,Fast delivery and great packaging.,positive,0.96
T00651,2025-11-07,laura62@yahoo.com,New York,356.75,Amazing service and super helpful employees!,positive,0.97
T00652,2025-11-07,floresdavid@hotmail.com,Seattle,470.82,Got my items as expected.,neutral,0.62
T00653,2025-11-05,gglenn@ramirez.com,Chicago,353.47,"Very satisfied with the loyalty program, thank you!",positive,0.82
T00654,2025-10-19,milesrebecca@yahoo.com,New York,332.01,Excellent experience overall — will definitely come back!,positive,0.81
T00655,2025-10-18,mfinley@joseph.com,Boston,131.01,The cashier was polite and efficient.,positive,0.91
T00656,2025-11-08,brittany13@yahoo.com,San Francisco,399.25,Excellent experience overall — will definitely come back!,positive,0.82
T00657,2025-10-19,christinasharp@cruz-rogers.com,Seattle,104.51,"Very satisfied with the loyalty program, thank you!",positive,0.87
T00658,2025-11-02,xdean@garcia-myers.org,Atlanta,51.49,"Everything went perfectly, thanks!",positive,0.94
T00659,2025-11-03,egay@gmail.com,Miami,419.73,"Not bad, but could improve the return policy.",neutral,0.58
T00660,2025-10-14,dakota99@rios.net,San Francisco,287.86,"It was okay, not great but not terrible.",neutral,0.58
T00661,2025-11-11,ann19@schmidt.com,Los Angeles,114.3,Customer service was rude and unhelpful.,negative,0.07
T00662,2025-10-31,gbishop@gmail.com,Seattle,229.5,"Loved how friendly the staff was, checkout was quick and easy!",positive,0.91
T00663,2025-11-12,thompsonashley@smith-nielsen.com,Dallas,52.86,"I got exactly what I wanted, no issues at all.",positive,0.81
T00664,2025-11-02,chaddavis@hotmail.com,Boston,321.92,Amazing service and super helpful employees!,positive,0.83
T00665,2025-10-20,albert07@gmail.com,Chicago,419.74,"I got exactly what I wanted, no issues at all.",positive,0.79
T00666,2025-10-24,nwest@hotmail.com,Dallas,377.14,Smooth online purchase and delivery on time.,positive,0.9
T00667,2025-11-05,michaelhill@peters.com,Seattle,284.39,Product didn’t match the description online.,negative,0.09
T00668,2025-11-04,gsmith@russell.com,Atlanta,160.51,Fast delivery and great packaging.,positive,0.76
T00669,2025-10-21,colleengomez@davidson.com,Seattle,24.32,"Average experience, nothing special.",neutral,0.58
T00670,2025-10-25,donna86@garcia-martinez.com,San Francisco,430.57,Customer service was outstanding!,positive,0.81
T00671,2025-10-17,fgrant@haynes-scott.org,Boston,161.82,Item arrived damaged and I couldn’t get a refund easily.,negative,0.16
T00672,2025-10-31,jmitchell@hotmail.com,San Francisco,257.25,"Not bad, but could improve the return policy.",neutral,0.61
T00673,2025-10-25,jennifer88@walker.biz,Los Angeles,212.12,"Product arrived on time, but packaging could be better.",neutral,0.47
T00674,2025-10-25,tjenkins@johnson.biz,Boston,171.35,"I got exactly what I wanted, no issues at all.",positive,0.78
T00675,2025-10-17,david11@hotmail.com,Dallas,72.81,Fast delivery and great packaging.,positive,0.83
T00676,2025-11-04,browndaniel@rubio.com,Los Angeles,362.61,"It was okay, not great but not terrible.",neutral,0.6
T00677,2025-10-28,bartonmegan@ward-cohen.com,New York,318.1,"Everything went perfectly, thanks!",positive,0.91
T00678,2025-10-19,dobrien@morrison.net,Chicago,176.4,Checkout system crashed and I had to wait 10 minutes.,negative,0.27
T00679,2025-10-13,orussell@dillon.com,New York,139.28,"Delivery was standard, no problems.",neutral,0.45
T00680,2025-11-01,warddouglas@woods.com,Boston,83.17,"Loved how friendly the staff was, checkout was quick and easy!",positive,0.92
T00681,2025-10-31,robinsonjohn@moore.com,San Francisco,84.51,Smooth online purchase and delivery on time.,positive,0.85
T00682,2025-10-23,emilychapman@williams.com,San Francisco,179.97,"Everything went perfectly, thanks!",positive,0.97
T00683,2025-11-04,iblair@hotmail.com,Boston,275.13,"Loved how friendly the staff was, checkout was quick and easy!",positive,0.77
T00684,2025-11-01,albert33@noble-dixon.com,Chicago,289.71,"Checkout was fine, a bit slow.",neutral,0.57
T00685,2025-10-16,wolfcynthia@gmail.com,Atlanta,200.47,Amazing service and super helpful employees!,positive,1.0
T00686,2025-10-25,larry61@wood.com,Atlanta,80.8,Product didn’t match the description online.,negative,0.13
T00687,2025-11-04,wadetammy@yahoo.com,Chicago,373.9,Amazing service and super helpful employees!,positive,0.91
T00688,2025-11-06,sarahhuang@hotmail.com,San Francisco,272.44,"Experience was fair, store was clean.",neutral,0.45
T00689,2025-11-08,enelson@hotmail.com,Online,127.49,"Very satisfied with the loyalty program, thank you!",positive,0.84
T00690,2025-11-08,wwilliams@hernandez-hester.com,Dallas,268.5,"Very satisfied with the loyalty program, thank you!",positive,0.89
T00691,2025-10-29,cathygrant@rose.com,San Francisco,127.74,The cashier was polite and efficient.,positive,0.89
T00692,2025-10-28,sarah00@cortez.biz,Seattle,343.94,"It was okay, not great but not terrible.",neutral,0.51
T00693,2025-10-14,humphreyrebecca@hotmail.com,New York,221.23,The app kept crashing during checkout.,negative,0.18
T00694,2025-11-09,erik03@sullivan.biz,San Francisco,406.58,Amazing service and super helpful employees!,positive,0.81
T00695,2025-10-30,livingstonjessica@patel.info,Chicago,484.85,The cashier was polite and efficient.,positive,0.78
T00696,2025-11-01,danielpatel@gmail.com,Dallas,284.03,"Delivery was standard, no problems.",neutral,0.52
T00697,2025-10-26,nathanjones@craig-curry.info,Los Angeles,331.99,Customer service was rude and unhelpful.,negative,0.02
T00698,2025-10-16,linda89@hotmail.com,Miami,277.84,"Loved how friendly the staff was, checkout was quick and easy!",positive,0.94
T00699,2025-10-24,ksosa@gmail.com,Atlanta,192.16,"Loved how friendly the staff was, checkout was quick and easy!",positive,0.96
T00700,2025-10-24,uarnold@gmail.com,San Francisco,456.54,"Checkout was fine, a bit slow.",neutral,0.53
T00701,2025-11-12,gherrera@church-obrien.biz,Seattle,486.34,Staff was polite but prices were higher than expected.,neutral,0.49
T00702,2025-11-02,nathanfletcher@knight.net,San Francisco,188.17,"Delivery was standard, no problems.",neutral,0.49
T00703,2025-10-28,jenniferflowers@collins.info,Los Angeles,183.06,Customer service was outstanding!,positive,0.86
T00704,2025-10-17,baldwinzachary@hotmail.com,San Francisco,33.7,"Checkout was fine, a bit slow.",neutral,0.58
T00705,2025-10-23,christopher27@hotmail.com,San Francisco,101.83,"Product arrived on time, but packaging could be better.",neutral,0.57
T00706,2025-10-14,john07@yahoo.com,Dallas,170.63,Excellent experience overall — will definitely come back!,positive,0.8
T00707,2025-10-16,wheelerariel@hotmail.com,Atlanta,361.55,"Product arrived on time, but packaging could be better.",neutral,0.48
T00708,2025-10-22,reneesmith@howard.com,Miami,130.74,Excellent experience overall — will definitely come back!,positive,0.87
T00709,2025-11-11,emily25@delgado.com,New York,450.83,Amazing service and super helpful employees!,positive,0.98
T00710,2025-11-11,dunntina@farmer.org,San Francisco,92.56,"Average experience, nothing special.",neutral,0.55
T00711,2025-10-18,chad06@nguyen.com,New York,270.56,"Checkout was fine, a bit slow.",neutral,0.64
T00712,2025-11-08,justinford@torres.com,San Francisco,45.3,"Checkout was fine, a bit slow.",neutral,0.57
T00713,2025-10-27,lonnie42@gmail.com,Dallas,99.22,Amazing service and super helpful employees!,positive,0.91
T00714,2025-10-18,cmack@brown-brown.com,Dallas,250.1,"Product arrived on time, but packaging could be better.",neutral,0.57
T00715,2025-10-16,smithgregory@watts-perez.com,Chicago,145.55,Got my items as expected.,neutral,0.54
T00716,2025-10-16,alexandernelson@hotmail.com,Seattle,271.18,Excellent experience overall — will definitely come back!,positive,0.95
T00717,2025-10-23,brian47@berry.com,Dallas,417.87,"Delivery was standard, no problems.",neutral,0.6
T00718,2025-10-13,mmaldonado@carney.info,Miami,194.72,Excellent experience overall — will definitely come back!,positive,0.82
T00719,2025-10-14,pellis@moore-hanson.com,Online,484.56,Item arrived damaged and I couldn’t get a refund easily.,negative,0.1
T00720,2025-10-19,kaitlinwilliams@valdez.org,Los Angeles,126.91,"Very satisfied with the loyalty program, thank you!",positive,0.98
T00721,2025-10-28,hunterkevin@hotmail.com,Miami,377.79,Item arrived damaged and I couldn’t get a refund easily.,negative,0.27
T00722,2025-10-23,shaun20@suarez.com,Los Angeles,267.94,Store was crowded and it took too long to find assistance.,negative,0.25
T00723,2025-10-19,jonathanosborne@yahoo.com,Seattle,444.26,"Product arrived on time, but packaging could be better.",neutral,0.63
T00724,2025-10-28,vpowell@yahoo.com,Chicago,110.53,Amazing service and super helpful employees!,positive,0.81
T00725,2025-11-10,william70@gmail.com,Atlanta,253.37,"Experience was fair, store was clean.",neutral,0.56
T00726,2025-10-29,kendra61@hotmail.com,Chicago,261.97,The cashier was polite and efficient.,positive,0.79
T00727,2025-10-24,bowersmichael@hotmail.com,Dallas,376.61,"I got exactly what I wanted, no issues at all.",positive,0.75
T00728,2025-10-14,robert60@reyes-boyd.com,Seattle,416.17,Customer service was outstanding!,positive,0.84
T00729,2025-10-23,jennifer24@hotmail.com,Miami,442.87,"Very satisfied with the loyalty program, thank you!",positive,0.8
T00730,2025-10-24,garciarebecca@barnett.info,Chicago,285.06,Amazing service and super helpful employees!,positive,0.77
T00731,2025-11-02,graysean@gmail.com,Online,321.44,"Experience was fair, store was clean.",neutral,0.63
T00732,2025-11-03,sally87@hotmail.com,New York,95.54,Smooth online purchase and delivery on time.,positive,0.95
T00733,2025-10-13,samantha41@gmail.com,Miami,335.17,Got my items as expected.,neutral,0.61
T00734,2025-10-18,rbrown@lawson-faulkner.biz,New York,394.23,"Very satisfied with the loyalty program, thank you!",positive,0.88
T00735,2025-10-23,matthewmckinney@gmail.com,Los Angeles,131.17,"Loved how friendly the staff was, checkout was quick and easy!",positive,0.8
T00736,2025-10-29,qmercado@yahoo.com,Seattle,460.99,Fast delivery and great packaging.,positive,0.81
T00737,2025-10-28,antonio23@green.net,New York,499.37,"Product arrived on time, but packaging could be better.",neutral,0.61
T00738,2025-10-28,khall@yahoo.com,New York,124.99,"Everything went perfectly, thanks!",positive,0.97
T00739,2025-10-16,juan67@young.com,San Francisco,33.98,"Not bad, but could improve the return policy.",neutral,0.52
T00740,2025-10-26,bakerjennifer@yahoo.com,Miami,396.09,"I got exactly what I wanted, no issues at all.",positive,0.89
T00741,2025-10-24,parkchristine@atkins.biz,New York,374.86,Delivery was delayed by several days.,negative,0.3
T00742,2025-10-20,smithjanet@yahoo.com,Boston,493.11,"Everything went perfectly, thanks!",positive,0.9
T00743,2025-11-02,garciaamber@hotmail.com,Chicago,432.46,Smooth online purchase and delivery on time.,positive,0.84
T00744,2025-10-24,louis02@yahoo.com,Los Angeles,340.7,"Checkout was fine, a bit slow.",neutral,0.51
T00745,2025-10-21,thompsonrichard@gmail.com,Chicago,221.21,Customer service was rude and unhelpful.,negative,0.27
T00746,2025-11-05,derek62@hotmail.com,Dallas,418.22,Fast delivery and great packaging.,positive,0.97
T00747,2025-10-28,casebonnie@gmail.com,Los Angeles,391.73,"It was okay, not great but not terrible.",neutral,0.5
T00748,2025-11-07,jimenezkevin@yahoo.com,San Francisco,435.9,Amazing service and super helpful employees!,positive,0.84
T00749,2025-11-06,nvillarreal@perez.com,Chicago,430.62,"Not bad, but could improve the return policy.",neutral,0.53
T00750,2025-11-09,solisjessica@reyes.info,Boston,491.8,Got my items as expected.,neutral,0.54
T00751,2025-10-29,benjamin34@osborn-ellis.net,Los Angeles,303.54,Customer service was outstanding!,positive,0.92
T00752,2025-10-26,dingram@yahoo.com,New York,222.06,"Very satisfied with the loyalty program, thank you!",positive,0.77
T00753,2025-10-27,victoria74@gmail.com,Atlanta,91.32,Excellent experience overall — will definitely come back!,positive,0.89
T00754,2025-10-19,kendra60@mccarthy.com,Online,368.16,Checkout system crashed and I had to wait 10 minutes.,negative,0.07
T00755,2025-10-19,vmcintyre@yahoo.com,Online,143.47,Excellent experience overall — will definitely come back!,positive,0.97
T00756,2025-11-05,thomas62@ward-frey.com,Los Angeles,467.95,The app kept crashing during checkout.,negative,0.28
T00757,2025-10-23,matthew19@hotmail.com,Miami,460.79,"Delivery was standard, no problems.",neutral,0.56
T00758,2025-10-17,jacob75@hotmail.com,Seattle,363.1,The cashier was polite and efficient.,positive,0.98
T00759,2025-10-14,ganderson@hotmail.com,Atlanta,438.74,"Very satisfied with the loyalty program, thank you!",positive,0.81
T00760,2025-11-03,marshalleugene@gmail.com,San Francisco,49.13,Amazing service and super helpful employees!,positive,0.93
T00761,2025-10-29,hleonard@allen-murray.com,Atlanta,496.19,"Checkout was fine, a bit slow.",neutral,0.53
T00762,2025-10-15,huffthomas@hotmail.com,Miami,16.63,"Loved how friendly the staff was, checkout was quick and easy!",positive,0.93
T00763,2025-10-21,joneselizabeth@gmail.com,Miami,55.76,Customer service was rude and unhelpful.,negative,0.04
T00764,2025-10-25,xbryant@gmail.com,New York,448.86,Product didn’t match the description online.,negative,0.14
T00765,2025-10-26,elizabeth09@hotmail.com,Chicago,95.04,"Experience was fair, store was clean.",neutral,0.63
T00766,2025-10-13,wcarter@gmail.com,Boston,422.87,"Average experience, nothing special.",neutral,0.54
T00767,2025-10-20,aedwards@yahoo.com,Boston,224.6,It worked out fine overall.,neutral,0.61
T00768,2025-11-01,jeffersonrachel@kim.net,Seattle,411.17,Excellent experience overall — will definitely come back!,positive,0.92
T00769,2025-10-29,pgross@palmer.org,Chicago,93.7,"Loved how friendly the staff was, checkout was quick and easy!",positive,0.75
T00770,2025-10-21,ashleywilson@hotmail.com,Los Angeles,122.5,Amazing service and super helpful employees!,positive,0.97
T00771,2025-10-17,michaellindsey@roman.biz,San Francisco,412.63,"Loved how friendly the staff was, checkout was quick and easy!",positive,0.95
T00772,2025-11-10,derek13@hotmail.com,Online,176.0,Amazing service and super helpful employees!,positive,0.96
T00773,2025-11-03,ghuffman@yahoo.com,New York,26.68,Customer service was outstanding!,positive,0.84
T00774,2025-10-14,lauren70@sanchez.com,Online,226.96,Excellent experience overall — will definitely come back!,positive,0.8
T00775,2025-11-09,rmacdonald@gmail.com,Chicago,366.53,The cashier was polite and efficient.,positive,0.87
T00776,2025-10-16,juliamartinez@travis-stevens.net,Atlanta,55.28,Customer service was rude and unhelpful.,negative,0.19
T00777,2025-11-01,mary15@carter.com,San Francisco,168.77,Fast delivery and great packaging.,positive,0.79
T00778,2025-10-16,christina98@perkins.com,Boston,486.09,Smooth online purchase and delivery on time.,positive,0.76
T00779,2025-10-23,fmarshall@gmail.com,Seattle,361.11,Fast delivery and great packaging.,positive,0.93
T00780,2025-11-12,karen99@gmail.com,Dallas,166.22,"Not bad, but could improve the return policy.",neutral,0.58
T00781,2025-10-17,patricksanchez@bailey-mckinney.biz,Seattle,472.25,"Product arrived on time, but packaging could be better.",neutral,0.64
T00782,2025-10-28,elizabethbaker@kaiser-lopez.com,Seattle,105.59,I was charged incorrectly and had to call support.,negative,0.22
T00783,2025-10-13,gthompson@smith.info,Boston,217.96,Excellent experience overall — will definitely come back!,positive,0.77
T00784,2025-10-22,fritzmariah@johnson.com,Atlanta,122.08,I was charged incorrectly and had to call support.,negative,0.23
T00785,2025-11-07,nicholscourtney@yahoo.com,New York,202.79,The cashier was polite and efficient.,positive,0.89
T00786,2025-10-13,brandon81@gmail.com,Online,339.38,"Loved how friendly the staff was, checkout was quick and easy!",positive,0.98
T00787,2025-10-29,johnsongary@gmail.com,Seattle,364.26,Delivery was delayed by several days.,negative,0.09
T00788,2025-10-14,brettsmith@gmail.com,Chicago,429.7,Amazing service and super helpful employees!,positive,0.83
T00789,2025-11-01,imeza@andrews.info,Atlanta,453.6,Delivery was delayed by several days.,negative,0.15
T00790,2025-10-17,wmitchell@bauer.info,Online,303.12,Checkout system crashed and I had to wait 10 minutes.,negative,0.12
T00791,2025-10-20,brenda27@yahoo.com,New York,318.86,It worked out fine overall.,neutral,0.51
T00792,2025-11-07,bensonfrances@clark.net,Dallas,370.72,"Loved how friendly the staff was, checkout was quick and easy!",positive,0.89
T00793,2025-11-08,dean05@hernandez.info,Atlanta,257.96,"Average experience, nothing special.",neutral,0.5
T00794,2025-10-20,dvillanueva@yahoo.com,San Francisco,129.2,Delivery was delayed by several days.,negative,0.01
T00795,2025-11-03,taylorteresa@yahoo.com,Online,148.82,"I got exactly what I wanted, no issues at all.",positive,0.9
T00796,2025-10-25,williamfrederick@reed.com,Los Angeles,384.9,"I got exactly what I wanted, no issues at all.",positive,0.77
T00797,2025-11-12,janderson@gmail.com,Boston,152.65,The cashier was polite and efficient.,positive,0.83
T00798,2025-10-26,jeremybarton@hotmail.com,Atlanta,183.35,Item arrived damaged and I couldn’t get a refund easily.,negative,0.01
T00799,2025-10-22,donald13@yahoo.com,Atlanta,71.57,Delivery was delayed by several days.,negative,0.02
T00800,2025-10-31,torresgregory@gmail.com,Seattle,157.62,"Checkout was fine, a bit slow.",neutral,0.5
T00801,2025-11-03,christophermorgan@martin-smith.biz,Miami,177.43,"Not bad, but could improve the return policy.",neutral,0.57
T00802,2025-10-16,michaellopez@gmail.com,Seattle,379.71,Smooth online purchase and delivery on time.,positive,0.85
T00803,2025-10-29,laurarodriguez@johnson.com,Online,28.13,Excellent experience overall — will definitely come back!,positive,0.76
T00804,2025-10-30,ubooth@hotmail.com,Dallas,409.92,"It was okay, not great but not terrible.",neutral,0.63
T00805,2025-10-29,jacqueline13@mills.com,Chicago,94.48,Got my items as expected.,neutral,0.61
T00806,2025-10-25,kbaker@martinez-hill.biz,San Francisco,488.48,Smooth online purchase and delivery on time.,positive,0.94
T00807,2025-10-21,kfrazier@tucker.info,Seattle,425.1,Prices are too high for the quality offered.,negative,0.08
T00808,2025-11-08,kerri16@myers-lopez.com,Los Angeles,366.63,"Very satisfied with the loyalty program, thank you!",positive,0.81
T00809,2025-11-06,scottstrickland@franklin.biz,Miami,94.63,Amazing service and super helpful employees!,positive,0.75
T00810,2025-10-19,michelegarner@gmail.com,Miami,474.56,"Checkout was fine, a bit slow.",neutral,0.47
T00811,2025-11-12,gsmith@neal-farrell.com,Atlanta,195.97,Amazing service and super helpful employees!,positive,0.99
T00812,2025-10-20,dana87@hotmail.com,Boston,70.3,Fast delivery and great packaging.,positive,0.94
T00813,2025-11-08,parkerkayla@owens-cook.biz,Boston,380.79,"I got exactly what I wanted, no issues at all.",positive,0.86
T00814,2025-11-02,delgadostephen@gmail.com,San Francisco,154.23,"I got exactly what I wanted, no issues at all.",positive,0.96
T00815,2025-10-15,serranomichael@yahoo.com,San Francisco,426.04,Store was crowded and it took too long to find assistance.,negative,0.05
T00816,2025-10-25,joshuablevins@hotmail.com,Online,132.17,"Average experience, nothing special.",neutral,0.6
T00817,2025-11-07,justin43@daniels-church.com,Los Angeles,336.8,"Everything went perfectly, thanks!",positive,0.94
T00818,2025-10-28,ohall@hotmail.com,Boston,498.05,"Delivery was standard, no problems.",neutral,0.47
T00819,2025-10-28,guerratimothy@yahoo.com,New York,207.54,The app kept crashing during checkout.,negative,0.21
T00820,2025-10-18,coledavid@lopez.net,Seattle,130.06,Customer service was outstanding!,positive,0.96
T00821,2025-10-16,jillianalexander@hamilton-burch.info,Seattle,363.75,Terrible experience — won’t shop here again.,negative,0.16
T00822,2025-10-23,ggill@gmail.com,Atlanta,424.17,The app kept crashing during checkout.,negative,0.08
T00823,2025-10-26,snowmegan@yahoo.com,New York,186.91,Smooth online purchase and delivery on time.,positive,0.89
T00824,2025-10-16,robersonshane@gmail.com,Seattle,39.73,"Not bad, but could improve the return policy.",neutral,0.54
T00825,2025-11-09,fdavidson@contreras-rush.com,Boston,442.02,Smooth online purchase and delivery on time.,positive,0.92
T00826,2025-10-29,michaelcook@yahoo.com,Miami,170.33,"Everything went perfectly, thanks!",positive,0.92
T00827,2025-11-08,thomassoto@yahoo.com,Boston,209.71,Staff was polite but prices were higher than expected.,neutral,0.55
T00828,2025-10-17,adamsnancy@walker.org,San Francisco,316.06,Customer service was rude and unhelpful.,negative,0.29
T00829,2025-11-12,hansenjulia@hotmail.com,Online,51.01,Fast delivery and great packaging.,positive,0.76
T00830,2025-10-18,steven39@hotmail.com,New York,325.38,"Everything went perfectly, thanks!",positive,0.76
T00831,2025-11-10,daniellelambert@yahoo.com,Online,332.06,Item arrived damaged and I couldn’t get a refund easily.,negative,0.15
T00832,2025-10-17,lnewton@hurst-dunn.com,Dallas,254.57,Staff was polite but prices were higher than expected.,neutral,0.62
T00833,2025-10-28,castanedatravis@gray.com,Online,279.92,"Everything went perfectly, thanks!",positive,0.88
T00834,2025-10-19,underwoodlinda@briggs-andrews.biz,San Francisco,91.77,Smooth online purchase and delivery on time.,positive,0.76
T00835,2025-10-16,christianrush@brown.com,Online,368.57,"Average experience, nothing special.",neutral,0.57
T00836,2025-10-25,jamie01@hotmail.com,Atlanta,199.93,Smooth online purchase and delivery on time.,positive,0.87
T00837,2025-11-02,kristina54@gonzalez.info,San Francisco,423.32,"Everything went perfectly, thanks!",positive,0.95
T00838,2025-10-20,scottlori@gmail.com,Chicago,48.27,Excellent experience overall — will definitely come back!,positive,0.87
T00839,2025-10-23,amandaking@salas-sherman.biz,New York,72.49,It worked out fine overall.,neutral,0.46
T00840,2025-11-12,dholland@yahoo.com,Chicago,304.79,"Loved how friendly the staff was, checkout was quick and easy!",positive,0.92
T00841,2025-10-21,cunninghamamanda@hotmail.com,Los Angeles,479.5,Excellent experience overall — will definitely come back!,positive,0.87
T00842,2025-11-01,nmoran@pennington-harper.info,San Francisco,417.39,Prices are too high for the quality offered.,negative,0.02
T00843,2025-11-09,stoneelizabeth@yahoo.com,Chicago,181.76,I was charged incorrectly and had to call support.,negative,0.26
T00844,2025-10-20,shieldstammy@norris.com,Seattle,24.48,"It was okay, not great but not terrible.",neutral,0.47
T00845,2025-11-02,wrogers@gmail.com,Boston,133.83,Terrible experience — won’t shop here again.,negative,0.33
T00846,2025-10-28,joseph07@martinez.com,Miami,232.97,"Loved how friendly the staff was, checkout was quick and easy!",positive,0.95
T00847,2025-10-15,conleykimberly@walker.org,Seattle,358.65,Customer service was outstanding!,positive,0.98
T00848,2025-11-01,xavierlogan@gmail.com,Chicago,188.89,Store was crowded and it took too long to find assistance.,negative,0.28
T00849,2025-11-12,berryerin@brown-page.com,Chicago,49.2,"Checkout was fine, a bit slow.",neutral,0.56
T00850,2025-10-14,rodriguezmatthew@peterson.com,San Francisco,48.46,"Not bad, but could improve the return policy.",neutral,0.45
T00851,2025-10-14,powellstephanie@murray.com,New York,497.45,Prices are too high for the quality offered.,negative,0.17
T00852,2025-10-26,obrienrobyn@yahoo.com,Chicago,11.59,I was charged incorrectly and had to call support.,negative,0.11
T00853,2025-11-03,lwhite@hays-strickland.org,New York,31.5,Staff was polite but prices were higher than expected.,neutral,0.52
T00854,2025-10-20,rachelcolon@benjamin-moreno.com,Atlanta,467.13,Got my items as expected.,neutral,0.62
T00855,2025-10-25,dcastillo@yahoo.com,Chicago,400.16,Item arrived damaged and I couldn’t get a refund easily.,negative,0.19
T00856,2025-10-23,greenejacqueline@hotmail.com,Los Angeles,26.85,"Experience was fair, store was clean.",neutral,0.59
T00857,2025-10-31,gcarroll@gmail.com,Seattle,481.77,Amazing service and super helpful employees!,positive,0.77
T00858,2025-10-29,evelynwood@morales.org,New York,283.32,"Everything went perfectly, thanks!",positive,0.98
T00859,2025-10-14,jacqueline91@yahoo.com,Chicago,274.71,The cashier was polite and efficient.,positive,0.8
T00860,2025-10-13,pcarpenter@hotmail.com,Los Angeles,331.45,"Loved how friendly the staff was, checkout was quick and easy!",positive,0.79
T00861,2025-11-06,harrisjoseph@pruitt.com,Boston,450.46,"Loved how friendly the staff was, checkout was quick and easy!",positive,0.97
T00862,2025-11-01,nkelly@hotmail.com,Atlanta,229.16,Product didn’t match the description online.,negative,0.04
T00863,2025-11-03,staceyortega@yahoo.com,New York,218.42,It worked out fine overall.,neutral,0.54
T00864,2025-10-26,stephanie73@yahoo.com,Miami,434.5,Customer service was outstanding!,positive,0.98
T00865,2025-10-21,lauramedina@johnson-garza.com,San Francisco,425.71,"I got exactly what I wanted, no issues at all.",positive,0.89
T00866,2025-10-26,smays@yahoo.com,Online,20.64,Prices are too high for the quality offered.,negative,0.12
T00867,2025-11-05,tanya92@gmail.com,Online,32.71,"Loved how friendly the staff was, checkout was quick and easy!",positive,0.9
T00868,2025-10-17,zdean@stanton.biz,Online,137.3,Smooth online purchase and delivery on time.,positive,0.84
T00869,2025-10-15,esimmons@gmail.com,Chicago,443.99,I was charged incorrectly and had to call support.,negative,0.26
T00870,2025-10-19,thomas25@gmail.com,Dallas,181.45,Got my items as expected.,neutral,0.53
T00871,2025-11-05,parkertiffany@gmail.com,Online,259.65,Checkout system crashed and I had to wait 10 minutes.,negative,0.24
T00872,2025-11-12,mclaughlinstephanie@gmail.com,Los Angeles,366.34,Delivery was delayed by several days.,negative,0.13
T00873,2025-10-13,gholt@yahoo.com,Atlanta,17.28,Customer service was rude and unhelpful.,negative,0.22
T00874,2025-11-02,ellisonsamuel@hotmail.com,Seattle,436.51,Excellent experience overall — will definitely come back!,positive,0.78
T00875,2025-10-25,lauriegutierrez@davis.org,Boston,306.51,The cashier was polite and efficient.,positive,0.75
T00876,2025-10-30,elizabethlee@hotmail.com,Los Angeles,335.56,"Experience was fair, store was clean.",neutral,0.5
T00877,2025-11-03,bestbreanna@richardson.com,Dallas,313.1,"Very satisfied with the loyalty program, thank you!",positive,0.79
T00878,2025-10-27,juliafletcher@saunders.com,San Francisco,151.95,The cashier was polite and efficient.,positive,0.83
T00879,2025-11-12,melindadavis@yahoo.com,Seattle,78.18,Delivery was delayed by several days.,negative,0.12
T00880,2025-10-22,longjeffrey@hotmail.com,Los Angeles,276.54,Item arrived damaged and I couldn’t get a refund easily.,negative,0.34
T00881,2025-11-04,susan90@kaiser.com,Boston,35.7,Got my items as expected.,neutral,0.49
T00882,2025-10-21,christopher31@gmail.com,Boston,340.67,Got my items as expected.,neutral,0.49
T00883,2025-10-22,tjohnson@khan.com,Atlanta,66.61,I was charged incorrectly and had to call support.,negative,0.27
T00884,2025-10-19,stephanie08@cook-lam.org,New York,349.06,I was charged incorrectly and had to call support.,negative,0.08
T00885,2025-11-01,megan84@randall.info,Los Angeles,389.59,Got my items as expected.,neutral,0.58
T00886,2025-10-29,carterryan@herrera-morgan.com,Boston,372.29,Prices are too high for the quality offered.,negative,0.19
T00887,2025-10-21,russellamanda@gmail.com,Chicago,126.89,"Very satisfied with the loyalty program, thank you!",positive,0.77
T00888,2025-11-06,stephanie74@king.com,Miami,402.17,Terrible experience — won’t shop here again.,negative,0.04
T00889,2025-11-10,martincarrie@gmail.com,Online,488.66,Customer service was rude and unhelpful.,negative,0.33
T00890,2025-11-11,vmyers@lewis.biz,Online,56.45,Amazing service and super helpful employees!,positive,0.91
T00891,2025-11-02,john28@johnson.biz,Seattle,316.41,Fast delivery and great packaging.,positive,0.92
T00892,2025-11-11,amandariley@hotmail.com,Boston,444.63,Fast delivery and great packaging.,positive,0.89
T00893,2025-10-31,cardenasmegan@hotmail.com,San Francisco,238.05,Product didn’t match the description online.,negative,0.12
T00894,2025-11-10,crawfordtanya@hotmail.com,Atlanta,356.42,Delivery was delayed by several days.,negative,0.16
T00895,2025-11-10,rcrawford@williams-mann.com,San Francisco,96.75,Prices are too high for the quality offered.,negative,0.11
T00896,2025-10-22,taylorsmith@hotmail.com,Online,161.74,Amazing service and super helpful employees!,positive,0.85
T00897,2025-11-10,richardbaker@hotmail.com,Los Angeles,435.04,"Very satisfied with the loyalty program, thank you!",positive,0.98
T00898,2025-10-28,debravasquez@hayden.org,Atlanta,300.11,"Not bad, but could improve the return policy.",neutral,0.64
T00899,2025-11-09,aramirez@hicks.com,Atlanta,27.38,I was charged incorrectly and had to call support.,negative,0.2
T00900,2025-10-14,hooverstephen@yahoo.com,New York,60.57,"Experience was fair, store was clean.",neutral,0.46
T00901,2025-11-01,griffinvictoria@mclean.com,Atlanta,479.44,Product didn’t match the description online.,negative,0.19
T00902,2025-11-12,james99@fletcher.com,Atlanta,104.47,"I got exactly what I wanted, no issues at all.",positive,0.87
T00903,2025-10-21,slee@yahoo.com,Miami,36.55,"Very satisfied with the loyalty program, thank you!",positive,0.94
T00904,2025-11-06,timothylee@gmail.com,Miami,244.09,"Checkout was fine, a bit slow.",neutral,0.57
T00905,2025-10-31,phyllis96@gmail.com,Online,340.87,"Checkout was fine, a bit slow.",neutral,0.46
T00906,2025-10-30,christopherhammond@martin-estrada.org,Atlanta,289.68,"Very satisfied with the loyalty program, thank you!",positive,0.96
T00907,2025-10-30,kimberly10@murphy-brown.com,Chicago,73.4,Staff was polite but prices were higher than expected.,neutral,0.57
T00908,2025-10-14,johnathan10@fischer-davis.com,Chicago,124.17,Smooth online purchase and delivery on time.,positive,0.76
T00909,2025-10-14,foxchristine@cervantes-hill.com,New York,73.01,"Everything went perfectly, thanks!",positive,0.94
T00910,2025-10-18,diana43@gilbert.net,Miami,448.39,Customer service was outstanding!,positive,0.85
T00911,2025-10-19,armstrongstephen@davis.com,New York,493.3,"Experience was fair, store was clean.",neutral,0.52
T00912,2025-11-12,martinjohn@hotmail.com,Chicago,491.07,Product didn’t match the description online.,negative,0.31
T00913,2025-10-25,gduffy@yahoo.com,San Francisco,359.69,"Delivery was standard, no problems.",neutral,0.49
T00914,2025-11-01,loripalmer@hotmail.com,Online,153.76,"Average experience, nothing special.",neutral,0.63
T00915,2025-10-18,kaitlincasey@hotmail.com,New York,287.98,"Loved how friendly the staff was, checkout was quick and easy!",positive,0.87
T00916,2025-11-10,zhenry@gmail.com,Los Angeles,405.37,"Not bad, but could improve the return policy.",neutral,0.48
T00917,2025-11-09,townsendnathan@saunders.com,Miami,32.19,"Average experience, nothing special.",neutral,0.46
T00918,2025-11-01,kylenguyen@gmail.com,Seattle,465.04,Store was crowded and it took too long to find assistance.,negative,0.1
T00919,2025-10-31,amyjones@yahoo.com,Chicago,162.45,Customer service was outstanding!,positive,0.86
T00920,2025-10-17,xlarson@anderson-mckinney.com,Chicago,401.13,"Very satisfied with the loyalty program, thank you!",positive,0.86
T00921,2025-10-16,vegayolanda@yahoo.com,San Francisco,15.0,"Delivery was standard, no problems.",neutral,0.56
T00922,2025-10-25,grahammia@shaw.com,Los Angeles,62.55,"Product arrived on time, but packaging could be better.",neutral,0.64
T00923,2025-11-11,shernandez@abbott.info,San Francisco,252.02,Product didn’t match the description online.,negative,0.35
T00924,2025-11-06,blake64@howard.org,Miami,428.73,Fast delivery and great packaging.,positive,0.86
T00925,2025-10-14,michaelreynolds@holt.com,New York,197.04,Got my items as expected.,neutral,0.45
T00926,2025-11-11,matthew81@gmail.com,Atlanta,82.82,Smooth online purchase and delivery on time.,positive,0.98
T00927,2025-11-09,ihale@wilson.com,Seattle,101.4,Terrible experience — won’t shop here again.,negative,0.01
T00928,2025-10-29,pachecomargaret@hotmail.com,Miami,364.03,"Not bad, but could improve the return policy.",neutral,0.59
T00929,2025-10-13,brianhill@peterson-wright.info,Boston,256.99,"Checkout was fine, a bit slow.",neutral,0.64
T00930,2025-11-12,michelleharvey@yahoo.com,Chicago,97.02,Amazing service and super helpful employees!,positive,0.83
T00931,2025-11-07,lisa58@cruz.com,Online,392.98,The cashier was polite and efficient.,positive,0.83
T00932,2025-10-21,tuckerbrenda@yahoo.com,San Francisco,10.08,Customer service was outstanding!,positive,0.79
T00933,2025-10-23,flee@hotmail.com,Boston,200.89,"Everything went perfectly, thanks!",positive,0.94
T00934,2025-10-24,jillpowell@hall.net,Chicago,11.11,"Loved how friendly the staff was, checkout was quick and easy!",positive,0.92
T00935,2025-10-14,iholt@yahoo.com,Atlanta,362.85,"Everything went perfectly, thanks!",positive,0.79
T00936,2025-11-08,zrodriguez@brown.org,Los Angeles,458.4,"Very satisfied with the loyalty program, thank you!",positive,0.78
T00937,2025-11-03,cartersusan@yahoo.com,San Francisco,366.44,It worked out fine overall.,neutral,0.64
T00938,2025-11-10,jmcdaniel@parker-gray.com,New York,350.02,"Product arrived on time, but packaging could be better.",neutral,0.64
T00939,2025-10-27,timothy22@hotmail.com,Atlanta,468.82,"Very satisfied with the loyalty program, thank you!",positive,0.76
T00940,2025-10-21,harmonangela@yahoo.com,Dallas,210.58,Amazing service and super helpful employees!,positive,0.89
T00941,2025-10-15,ryan76@richardson.info,Seattle,410.65,"I got exactly what I wanted, no issues at all.",positive,0.93
T00942,2025-11-05,wclark@gmail.com,San Francisco,29.24,Got my items as expected.,neutral,0.49
T00943,2025-10-16,katrina69@cox.com,San Francisco,41.3,Fast delivery and great packaging.,positive,0.82
T00944,2025-11-12,murphyapril@hotmail.com,Seattle,40.61,"Delivery was standard, no problems.",neutral,0.63
T00945,2025-11-11,emilyvazquez@gmail.com,New York,282.67,The cashier was polite and efficient.,positive,0.78
T00946,2025-10-13,james01@graham.com,Miami,420.3,Store was crowded and it took too long to find assistance.,negative,0.33
T00947,2025-10-17,patricia78@curry.biz,Boston,264.05,"Not bad, but could improve the return policy.",neutral,0.52
T00948,2025-10-25,anthonyday@hall-delgado.info,Los Angeles,395.73,"I got exactly what I wanted, no issues at all.",positive,0.88
T00949,2025-10-19,aaronstanley@mason-cervantes.com,Atlanta,477.48,It worked out fine overall.,neutral,0.5
T00950,2025-11-09,ewarren@adams.org,San Francisco,270.39,"It was okay, not great but not terrible.",neutral,0.48
T00951,2025-11-10,uhess@yahoo.com,Boston,20.28,"I got exactly what I wanted, no issues at all.",positive,0.83
T00952,2025-10-15,jordanmartin@yahoo.com,Los Angeles,196.59,Fast delivery and great packaging.,positive,0.93
T00953,2025-10-21,ymiller@gmail.com,Miami,218.91,It worked out fine overall.,neutral,0.65
T00954,2025-11-12,toddwright@yu.com,Miami,103.12,"Not bad, but could improve the return policy.",neutral,0.5
T00955,2025-10-22,allison60@smith-ward.com,Dallas,100.14,Product didn’t match the description online.,negative,0.29
T00956,2025-11-09,zcastro@mccarthy-hernandez.com,San Francisco,483.01,Smooth online purchase and delivery on time.,positive,0.99
T00957,2025-10-14,dickersonnorma@wheeler-leon.biz,Atlanta,423.44,Checkout system crashed and I had to wait 10 minutes.,negative,0.07
T00958,2025-10-20,qgarcia@black.com,Boston,88.92,Staff was polite but prices were higher than expected.,neutral,0.47
T00959,2025-10-13,gregoryadams@gregory.net,Online,12.77,Staff was polite but prices were higher than expected.,neutral,0.52
T00960,2025-10-14,cwong@mosley.info,Los Angeles,171.0,"Loved how friendly the staff was, checkout was quick and easy!",positive,0.94
T00961,2025-11-04,nhurst@gmail.com,Los Angeles,376.03,Smooth online purchase and delivery on time.,positive,0.86
T00962,2025-11-06,julieperez@yahoo.com,Online,205.14,Staff was polite but prices were higher than expected.,neutral,0.62
T00963,2025-10-28,ifuller@yahoo.com,San Francisco,194.26,Delivery was delayed by several days.,negative,0.2
T00964,2025-10-26,scottraymond@hotmail.com,Miami,289.87,Fast delivery and great packaging.,positive,0.79
T00965,2025-11-11,cruzstacy@ramos-smith.com,San Francisco,443.56,Item arrived damaged and I couldn’t get a refund easily.,negative,0.02
T00966,2025-10-20,williamsjennifer@hotmail.com,Dallas,174.12,Smooth online purchase and delivery on time.,positive,0.77
T00967,2025-10-17,shortjaclyn@gmail.com,New York,38.15,Checkout system crashed and I had to wait 10 minutes.,negative,0.15
T00968,2025-11-08,jenniferwells@huff.com,Los Angeles,417.78,Customer service was outstanding!,positive,0.95
T00969,2025-11-01,boydvirginia@farrell.com,Dallas,332.21,"I got exactly what I wanted, no issues at all.",positive,0.82
T00970,2025-10-29,pbrown@yahoo.com,Miami,401.62,Smooth online purchase and delivery on time.,positive,0.82
T00971,2025-10-20,peterslisa@rogers-armstrong.biz,Chicago,488.27,"Very satisfied with the loyalty program, thank you!",positive,0.83
T00972,2025-10-22,websterlori@gmail.com,Seattle,41.19,"Everything went perfectly, thanks!",positive,0.99
T00973,2025-11-07,ysalas@whitaker.com,Boston,438.56,The app kept crashing during checkout.,negative,0.03
T00974,2025-11-07,schneideralexis@mccall.net,Chicago,100.11,The app kept crashing during checkout.,negative,0.06
T00975,2025-10-19,jennifer58@gmail.com,Seattle,44.0,Fast delivery and great packaging.,positive,0.91
T00976,2025-11-08,bonillaseth@smith-roman.com,San Francisco,351.43,"Everything went perfectly, thanks!",positive,0.84
T00977,2025-10-19,xkelly@harris.org,Miami,461.1,Customer service was rude and unhelpful.,negative,0.13
T00978,2025-10-21,achapman@yahoo.com,Los Angeles,56.44,Amazing service and super helpful employees!,positive,0.91
T00979,2025-10-22,ovaughan@ferguson-garcia.com,Boston,356.39,"I got exactly what I wanted, no issues at all.",positive,0.85
T00980,2025-10-27,powelljesse@howell.net,New York,33.27,"Average experience, nothing special.",neutral,0.56
T00981,2025-10-14,aaron41@hotmail.com,Online,296.53,Got my items as expected.,neutral,0.53
T00982,2025-11-06,padillamark@chavez-mitchell.com,Seattle,344.3,"Product arrived on time, but packaging could be better.",neutral,0.64
T00983,2025-10-20,michellekirk@yahoo.com,San Francisco,210.39,Got my items as expected.,neutral,0.48
T00984,2025-11-12,brooke60@doyle-hicks.biz,Dallas,262.42,Terrible experience — won’t shop here again.,negative,0.13
T00985,2025-11-12,stephaniejohnson@hotmail.com,New York,71.52,Checkout system crashed and I had to wait 10 minutes.,negative,0.3
T00986,2025-11-03,smithjohn@yahoo.com,Seattle,262.99,"Delivery was standard, no problems.",neutral,0.64
T00987,2025-10-22,garciashannon@duncan.com,Dallas,475.34,The app kept crashing during checkout.,negative,0.06
T00988,2025-10-16,johnsonshannon@hotmail.com,Boston,461.83,Smooth online purchase and delivery on time.,positive,0.99
T00989,2025-10-27,zhall@jimenez.org,Los Angeles,489.05,Delivery was delayed by several days.,negative,0.13
T00990,2025-10-14,zyoung@yahoo.com,Miami,201.67,"Loved how friendly the staff was, checkout was quick and easy!",positive,0.82
T00991,2025-10-24,rickyjohnson@gmail.com,Atlanta,45.81,Smooth online purchase and delivery on time.,positive,0.88
T00992,2025-10-27,teresablake@gmail.com,New York,292.22,"It was okay, not great but not terrible.",neutral,0.46
T00993,2025-11-04,samuel51@anderson.com,Chicago,205.18,Smooth online purchase and delivery on time.,positive,0.78
T00994,2025-11-09,donnalarsen@williams-smith.info,Atlanta,318.25,Staff was polite but prices were higher than expected.,neutral,0.58
T00995,2025-10-18,kchavez@gmail.com,Miami,330.89,Checkout system crashed and I had to wait 10 minutes.,negative,0.05
T00996,2025-11-11,huertatracy@hotmail.com,Miami,275.94,Staff was polite but prices were higher than expected.,neutral,0.47
T00997,2025-10-21,karawatkins@hotmail.com,Los Angeles,250.42,Got my items as expected.,neutral,0.52
T00998,2025-10-26,emily66@yahoo.com,Seattle,418.75,Item arrived damaged and I couldn’t get a refund easily.,negative,0.15
T00999,2025-10-28,jacobsoneric@gmail.com,Dallas,69.94,"Experience was fair, store was clean.",neutral,0.54
T01000,2025-11-04,richarddavis@russell.net,Online,153.92,"Very satisfied with the loyalty program, thank you!",positive,0.8
